OrderID,Category,SubCategory,Region,CustomerSegment,Quantity,UnitPrice,DiscountPercent,TotalRevenue,ShippingCost,Profit,DeliveryDays,Returned
ORD-5001,Fashion,Watches,Latin America,Consumer,9,218.03,0.05,1864.16,37.19,163.82,6,No
ORD-5002,Electronics,Accessories,Latin America,Corporate,5,361.32,0.1,1625.94,24.49,319.59,4,No
ORD-5003,Furniture,Sofas,Europe,Small Business,5,274.03,0.05,1301.64,5.66,129.6,8,No
ORD-5004,Fashion,Bags,Latin America,Corporate,4,129.24,0.15,439.42,43.38,-5.82,3,No
ORD-5005,Electronics,Headphones,Asia Pacific,Consumer,6,439.98,0.15,2243.9,40.48,422.42,2,No
ORD-5006,Office Supplies,Pens,North America,Corporate,2,31.44,0.05,59.74,17.41,3.6,1,No
ORD-5007,Furniture,Bookcases,North America,Consumer,9,178.09,0.2,1282.25,19.85,44.71,6,No
ORD-5008,Office Supplies,Storage,Asia Pacific,Consumer,9,48.92,0.15,374.24,35.34,14.69,9,Yes
ORD-5009,Electronics,Laptops,Latin America,Corporate,8,669.05,0.3,3746.68,15.68,-461.88,4,Yes
ORD-5010,Fashion,Watches,Latin America,Consumer,1,34.9,0.0,34.9,43.14,-12.63,4,No
ORD-5011,Furniture,Sofas,Asia Pacific,Consumer,1,595.15,0.05,565.39,39.35,47.41,8,No
ORD-5012,Furniture,Sofas,Europe,Small Business,8,121.69,0.3,681.46,23.38,47.1,6,No
ORD-5013,Office Supplies,Storage,Asia Pacific,Small Business,3,55.08,0.3,115.67,28.59,-8.62,4,Yes
ORD-5014,Electronics,Accessories,Latin America,Corporate,6,848.35,0.1,4581.09,24.95,885.87,7,Yes
ORD-5015,Office Supplies,Storage,North America,Consumer,9,21.77,0.05,186.13,40.23,3.85,3,No
ORD-5016,Office Supplies,Pens,Latin America,Corporate,10,29.84,0.0,298.4,14.7,68.19,2,No
ORD-5017,Electronics,Accessories,Latin America,Corporate,3,396.23,0.0,1188.69,18.35,206.63,5,No
ORD-5018,Fashion,Bags,Europe,Corporate,7,216.13,0.1,1361.62,14.73,289.88,6,No
ORD-5019,Office Supplies,Pens,North America,Consumer,2,11.17,0.3,15.64,5.34,-2.36,8,No
ORD-5020,Furniture,Chairs,North America,Corporate,3,77.65,0.1,209.66,44.35,3.02,6,No
ORD-5021,Electronics,Smartphones,Europe,Corporate,6,125.98,0.2,604.7,8.29,-45.24,1,No
ORD-5022,Furniture,Sofas,Latin America,Consumer,5,380.42,0.2,1521.68,38.47,-107.67,5,Yes
ORD-5023,Fashion,Watches,Europe,Small Business,9,46.63,0.2,335.74,13.95,-6.72,7,No
ORD-5024,Fashion,Bags,Asia Pacific,Small Business,5,91.07,0.3,318.74,37.59,-30.06,4,No
ORD-5025,Office Supplies,Binders,Europe,Corporate,3,57.74,0.0,173.22,8.18,38.07,2,No
ORD-5026,Fashion,Footwear,Europe,Small Business,2,88.56,0.1,159.41,32.51,11.93,8,No
ORD-5027,Electronics,Headphones,Europe,Corporate,1,353.22,0.15,300.24,12.66,-11.72,1,No
ORD-5028,Office Supplies,Pens,Europe,Corporate,8,54.37,0.15,369.72,36.35,56.78,8,No
ORD-5029,Office Supplies,Pens,Asia Pacific,Small Business,3,5.56,0.05,15.85,43.17,-14.85,8,No
ORD-5030,Office Supplies,Binders,North America,Consumer,4,43.46,0.15,147.76,43.28,12.97,3,No
ORD-5031,Electronics,Headphones,Asia Pacific,Small Business,6,329.97,0.0,1979.82,24.31,589.31,9,No
ORD-5032,Furniture,Bookcases,Asia Pacific,Small Business,7,540.38,0.2,3026.13,29.5,246.33,7,No
ORD-5033,Electronics,Accessories,Asia Pacific,Small Business,8,78.28,0.1,563.62,5.72,87.39,2,No
ORD-5034,Fashion,Bags,Europe,Corporate,10,75.15,0.1,676.35,17.01,112.27,1,No
ORD-5035,Office Supplies,Pens,Asia Pacific,Consumer,9,22.19,0.05,189.72,43.08,13.37,7,Yes
ORD-5036,Electronics,Smartphones,Asia Pacific,Small Business,9,848.33,0.0,7634.97,25.07,2564.49,5,No
ORD-5037,Electronics,Accessories,Europe,Small Business,9,287.3,0.0,2585.7,39.21,837.39,7,No
ORD-5038,Office Supplies,Binders,Europe,Consumer,7,10.98,0.3,53.8,14.82,-7.57,2,Yes
ORD-5039,Office Supplies,Binders,Asia Pacific,Small Business,5,36.17,0.15,153.72,13.16,-4.61,2,No
ORD-5040,Office Supplies,Storage,North America,Consumer,3,70.49,0.0,211.47,43.14,3.43,5,No
ORD-5041,Electronics,Accessories,Asia Pacific,Consumer,9,698.76,0.2,5031.07,23.61,-246.07,5,No
ORD-5042,Electronics,Headphones,Europe,Corporate,4,508.96,0.1,1832.26,34.01,437.04,2,No
ORD-5043,Furniture,Tables,Asia Pacific,Consumer,9,500.22,0.2,3601.58,12.77,670.55,6,Yes
ORD-5044,Fashion,Bags,North America,Small Business,7,72.78,0.05,483.99,29.84,70.6,2,No
ORD-5045,Furniture,Sofas,Latin America,Corporate,6,406.96,0.05,2319.67,41.0,99.17,4,Yes
ORD-5046,Office Supplies,Paper,Asia Pacific,Small Business,6,36.17,0.0,217.02,43.78,50.36,2,No
ORD-5047,Electronics,Smartphones,Europe,Corporate,8,516.08,0.2,3302.91,34.04,25.99,1,No
ORD-5048,Furniture,Bookcases,Latin America,Corporate,1,523.67,0.0,523.67,42.56,118.87,3,No
ORD-5049,Fashion,Footwear,Asia Pacific,Corporate,7,245.79,0.2,1376.42,19.55,67.25,5,Yes
ORD-5050,Office Supplies,Storage,Europe,Small Business,2,70.21,0.2,112.34,29.12,5.19,6,Yes
ORD-5051,Office Supplies,Storage,Asia Pacific,Consumer,3,48.23,0.2,115.75,37.01,-16.83,5,No
ORD-5052,Electronics,Headphones,Asia Pacific,Consumer,7,686.98,0.0,4808.86,17.48,1517.66,2,No
ORD-5053,Office Supplies,Paper,Europe,Consumer,2,76.17,0.2,121.87,5.16,17.52,1,No
ORD-5054,Electronics,Headphones,Europe,Small Business,9,809.72,0.05,6923.11,8.28,588.35,2,No
ORD-5055,Electronics,Accessories,Europe,Small Business,3,185.66,0.3,389.89,25.39,31.64,1,No
ORD-5056,Furniture,Sofas,Europe,Consumer,7,173.94,0.3,852.31,20.54,45.27,5,No
ORD-5057,Fashion,Watches,Asia Pacific,Consumer,10,217.63,0.0,2176.3,33.28,310.63,8,Yes
ORD-5058,Electronics,Accessories,Europe,Small Business,5,634.52,0.2,2538.08,12.37,231.15,2,No
ORD-5059,Electronics,Laptops,Europe,Small Business,1,668.88,0.3,468.22,20.79,38.79,5,No
ORD-5060,Furniture,Chairs,North America,Corporate,2,244.33,0.15,415.36,10.78,60.3,2,No
ORD-5061,Office Supplies,Pens,Latin America,Small Business,9,56.02,0.15,428.55,31.52,69.5,3,No
ORD-5062,Office Supplies,Binders,Europe,Corporate,8,76.19,0.15,518.09,6.96,-23.08,8,No
ORD-5063,Electronics,Accessories,Asia Pacific,Consumer,7,134.96,0.1,850.25,10.63,59.87,7,No
ORD-5064,Fashion,Apparel,Latin America,Corporate,5,169.96,0.15,722.33,13.04,134.37,8,No
ORD-5065,Office Supplies,Binders,Latin America,Consumer,8,72.86,0.0,582.88,36.24,133.68,7,No
ORD-5066,Furniture,Chairs,Asia Pacific,Small Business,6,341.9,0.3,1435.98,8.95,100.87,9,No
ORD-5067,Electronics,Smartphones,North America,Consumer,5,256.8,0.05,1219.8,35.31,254.82,9,No
ORD-5068,Furniture,Sofas,North America,Consumer,1,236.78,0.3,165.75,35.79,-22.05,6,Yes
ORD-5069,Furniture,Tables,North America,Small Business,5,449.28,0.15,1909.44,15.05,332.41,4,No
ORD-5070,Office Supplies,Paper,Latin America,Corporate,10,19.72,0.05,187.34,17.99,43.69,6,No
ORD-5071,Furniture,Bookcases,Latin America,Consumer,7,577.05,0.0,4039.35,32.59,422.66,3,No
ORD-5072,Electronics,Laptops,Latin America,Corporate,9,896.52,0.0,8068.68,9.1,2798.12,9,No
ORD-5073,Furniture,Tables,Europe,Consumer,6,112.3,0.1,606.42,5.47,94.01,2,No
ORD-5074,Fashion,Footwear,North America,Corporate,4,162.65,0.0,650.6,37.22,176.13,9,No
ORD-5075,Furniture,Chairs,Latin America,Small Business,5,352.18,0.3,1232.63,35.29,31.17,8,No
ORD-5076,Fashion,Watches,North America,Consumer,9,156.15,0.2,1124.28,16.11,33.26,6,No
ORD-5077,Furniture,Chairs,North America,Small Business,10,71.54,0.1,643.86,12.7,137.87,4,No
ORD-5078,Furniture,Tables,Europe,Consumer,3,219.3,0.0,657.9,31.47,80.12,3,Yes
ORD-5079,Furniture,Bookcases,Asia Pacific,Small Business,7,143.12,0.0,1001.84,38.34,107.84,7,Yes
ORD-5080,Office Supplies,Paper,Europe,Small Business,7,13.14,0.05,87.38,13.47,1.73,2,No
ORD-5081,Furniture,Bookcases,Asia Pacific,Corporate,3,507.54,0.2,1218.1,26.31,78.6,8,No
ORD-5082,Fashion,Watches,Asia Pacific,Corporate,10,73.18,0.3,512.26,36.93,18.84,4,No
ORD-5083,Fashion,Apparel,North America,Small Business,3,227.69,0.05,648.92,34.48,105.65,2,No
ORD-5084,Fashion,Footwear,North America,Small Business,3,146.28,0.05,416.9,36.96,28.96,1,No
ORD-5085,Electronics,Laptops,North America,Corporate,9,502.31,0.1,4068.71,15.45,596.82,3,Yes
ORD-5086,Fashion,Footwear,Europe,Consumer,2,141.54,0.2,226.46,22.69,-1.38,9,Yes
ORD-5087,Office Supplies,Pens,Europe,Small Business,5,79.46,0.1,357.57,6.2,71.42,1,No
ORD-5088,Electronics,Smartphones,North America,Corporate,3,691.5,0.3,1452.15,28.43,-211.32,4,No
ORD-5089,Fashion,Watches,North America,Small Business,10,30.81,0.05,292.69,44.54,18.61,2,No
ORD-5090,Office Supplies,Storage,Asia Pacific,Consumer,2,45.93,0.05,87.27,29.01,5.47,8,No
ORD-5091,Electronics,Laptops,Europe,Corporate,9,574.62,0.0,5171.58,17.56,1061.4,9,No
ORD-5092,Electronics,Smartphones,North America,Consumer,5,801.78,0.15,3407.56,18.81,170.36,6,No
ORD-5093,Office Supplies,Binders,Latin America,Corporate,10,14.22,0.15,120.87,10.97,-0.43,4,No
ORD-5094,Office Supplies,Paper,Asia Pacific,Corporate,3,63.89,0.15,162.92,34.18,4.12,1,No
ORD-5095,Electronics,Accessories,Europe,Consumer,7,557.81,0.2,3123.74,27.33,260.47,1,No
ORD-5096,Furniture,Tables,North America,Consumer,5,493.08,0.0,2465.4,39.61,349.68,9,No
ORD-5097,Electronics,Headphones,Asia Pacific,Small Business,3,510.83,0.15,1302.62,24.94,265.32,9,No
ORD-5098,Furniture,Chairs,Latin America,Corporate,4,143.62,0.0,574.48,10.66,103.75,5,No
ORD-5099,Office Supplies,Pens,Asia Pacific,Consumer,1,23.2,0.15,19.72,35.26,-14.2,9,No
ORD-5100,Electronics,Headphones,Asia Pacific,Consumer,8,791.16,0.15,5379.89,16.67,1204.86,7,No
ORD-5101,Office Supplies,Storage,North America,Consumer,7,64.15,0.3,314.34,32.03,-34.26,3,No
ORD-5102,Electronics,Smartphones,Latin America,Corporate,5,393.62,0.1,1771.29,39.52,229.52,9,No
ORD-5103,Electronics,Laptops,North America,Corporate,4,518.24,0.2,1658.37,25.75,228.86,5,No
ORD-5104,Fashion,Apparel,Asia Pacific,Consumer,5,179.54,0.0,897.7,44.73,124.55,4,No
ORD-5105,Furniture,Bookcases,Europe,Small Business,5,377.05,0.3,1319.67,9.89,44.45,3,No
ORD-5106,Fashion,Bags,North America,Small Business,1,161.45,0.05,153.38,14.64,4.07,4,No
ORD-5107,Furniture,Sofas,Asia Pacific,Consumer,1,536.49,0.0,536.49,33.93,167.86,9,No
ORD-5108,Office Supplies,Pens,North America,Corporate,9,69.38,0.2,499.54,33.81,17.25,1,Yes
ORD-5109,Furniture,Tables,North America,Consumer,10,117.64,0.15,999.94,9.48,-9.26,9,No
ORD-5110,Furniture,Sofas,Asia Pacific,Corporate,8,202.5,0.1,1458.0,37.92,219.48,7,No
ORD-5111,Furniture,Sofas,Asia Pacific,Small Business,6,132.32,0.0,793.92,8.05,189.7,2,No
ORD-5112,Office Supplies,Paper,Asia Pacific,Consumer,4,34.78,0.15,118.25,18.72,-11.38,3,No
ORD-5113,Fashion,Footwear,Europe,Small Business,3,236.86,0.2,568.46,29.08,-34.41,4,No
ORD-5114,Fashion,Apparel,North America,Corporate,1,181.47,0.3,127.03,16.76,-9.2,7,Yes
ORD-5115,Office Supplies,Paper,Asia Pacific,Consumer,8,75.17,0.15,511.16,22.41,79.72,1,No
ORD-5116,Electronics,Smartphones,Europe,Corporate,1,847.41,0.05,805.04,39.99,28.24,4,No
ORD-5117,Fashion,Apparel,North America,Corporate,3,179.1,0.0,537.3,17.82,143.96,2,No
ORD-5118,Furniture,Bookcases,Asia Pacific,Corporate,1,501.39,0.2,401.11,27.01,4.35,2,No
ORD-5119,Fashion,Footwear,Europe,Small Business,5,90.34,0.0,451.7,9.63,69.36,9,Yes
ORD-5120,Fashion,Footwear,Asia Pacific,Corporate,4,132.3,0.3,370.44,41.51,-2.19,9,Yes
ORD-5121,Electronics,Laptops,Europe,Small Business,6,568.48,0.0,3410.88,7.14,884.3,8,No
ORD-5122,Electronics,Smartphones,Asia Pacific,Small Business,10,648.49,0.1,5836.41,16.43,279.88,1,No
ORD-5123,Fashion,Watches,Europe,Corporate,10,183.89,0.2,1471.12,42.7,32.35,7,No
ORD-5124,Fashion,Apparel,Asia Pacific,Consumer,9,201.29,0.2,1449.29,20.36,248.41,4,Yes
ORD-5125,Electronics,Headphones,North America,Small Business,5,529.75,0.05,2516.31,43.13,688.44,2,No
ORD-5126,Furniture,Bookcases,Europe,Corporate,7,364.51,0.0,2551.57,21.31,677.63,9,No
ORD-5127,Fashion,Apparel,Latin America,Corporate,1,169.44,0.05,160.97,34.97,5.9,4,No
ORD-5128,Furniture,Bookcases,Asia Pacific,Small Business,4,545.2,0.2,1744.64,10.54,278.78,1,No
ORD-5129,Electronics,Headphones,Latin America,Small Business,2,884.17,0.3,1237.84,27.65,-64.01,1,No
ORD-5130,Furniture,Sofas,Asia Pacific,Small Business,3,294.44,0.1,794.99,8.74,114.69,7,No
ORD-5131,Electronics,Laptops,North America,Small Business,8,735.52,0.0,5884.16,31.88,1547.32,3,No
ORD-5132,Office Supplies,Storage,North America,Corporate,4,63.29,0.15,215.19,26.66,-5.29,5,No
ORD-5133,Office Supplies,Paper,North America,Consumer,8,61.42,0.0,491.36,5.26,150.26,7,No
ORD-5134,Fashion,Apparel,North America,Consumer,7,138.38,0.0,968.66,8.25,124.76,6,No
ORD-5135,Electronics,Smartphones,North America,Corporate,9,88.15,0.3,555.35,16.17,-51.39,2,No
ORD-5136,Fashion,Bags,Europe,Small Business,9,69.08,0.2,497.38,42.98,29.24,3,Yes
ORD-5137,Office Supplies,Binders,Asia Pacific,Corporate,1,72.18,0.15,61.35,22.71,-6.88,3,Yes
ORD-5138,Fashion,Footwear,Latin America,Corporate,3,159.17,0.1,429.76,5.78,90.36,8,No
ORD-5139,Fashion,Bags,North America,Consumer,10,182.34,0.2,1458.72,7.67,186.55,1,No
ORD-5140,Office Supplies,Paper,Europe,Consumer,4,39.04,0.0,156.16,42.49,35.73,6,No
ORD-5141,Furniture,Tables,Asia Pacific,Corporate,2,312.28,0.0,624.56,23.57,75.09,3,No
ORD-5142,Electronics,Laptops,North America,Corporate,2,228.23,0.15,387.99,14.52,32.44,6,No
ORD-5143,Fashion,Watches,Latin America,Consumer,4,74.11,0.0,296.44,40.66,51.09,5,No
ORD-5144,Electronics,Laptops,Asia Pacific,Consumer,3,783.15,0.1,2114.51,25.41,545.38,2,No
ORD-5145,Office Supplies,Paper,Europe,Corporate,4,56.15,0.0,224.6,20.93,41.99,3,No
ORD-5146,Fashion,Footwear,Europe,Consumer,1,212.64,0.3,148.85,8.69,-7.54,9,No
ORD-5147,Furniture,Bookcases,Latin America,Consumer,10,354.91,0.3,2484.37,38.19,113.38,8,Yes
ORD-5148,Fashion,Footwear,Europe,Consumer,9,64.87,0.3,408.68,44.84,-38.26,6,Yes
ORD-5149,Fashion,Apparel,Latin America,Small Business,10,147.53,0.3,1032.71,22.15,15.72,2,No
ORD-5150,Fashion,Bags,Europe,Corporate,9,200.47,0.05,1714.02,39.4,59.96,1,No
ORD-5151,Furniture,Chairs,Europe,Consumer,4,399.75,0.1,1439.1,31.96,20.71,7,No
ORD-5152,Office Supplies,Paper,Asia Pacific,Small Business,8,75.28,0.3,421.57,15.6,-8.88,2,No
ORD-5153,Furniture,Chairs,Europe,Corporate,10,274.88,0.15,2336.48,35.2,494.85,9,No
ORD-5154,Office Supplies,Binders,Latin America,Small Business,10,45.64,0.2,365.12,39.72,48.86,3,Yes
ORD-5155,Office Supplies,Paper,Europe,Small Business,9,37.49,0.3,236.19,28.93,-5.27,9,No
ORD-5156,Office Supplies,Storage,North America,Small Business,2,26.27,0.15,44.66,30.04,-7.68,1,No
ORD-5157,Fashion,Apparel,Asia Pacific,Consumer,4,226.42,0.15,769.83,22.9,59.32,9,No
ORD-5158,Furniture,Chairs,Latin America,Corporate,7,481.33,0.2,2695.45,7.54,238.26,8,No
ORD-5159,Fashion,Footwear,Latin America,Small Business,8,186.67,0.05,1418.69,38.48,90.96,9,No
ORD-5160,Fashion,Apparel,Asia Pacific,Small Business,9,25.15,0.3,158.44,12.45,-3.59,4,No
ORD-5161,Electronics,Headphones,Latin America,Corporate,10,325.41,0.15,2765.99,27.77,-98.87,2,No
ORD-5162,Furniture,Bookcases,Asia Pacific,Corporate,5,158.58,0.2,634.32,20.73,42.63,4,Yes
ORD-5163,Office Supplies,Binders,Europe,Small Business,3,56.26,0.3,118.15,28.04,-21.53,7,No
ORD-5164,Furniture,Chairs,Asia Pacific,Corporate,3,200.79,0.3,421.66,32.22,-43.02,9,No
ORD-5165,Fashion,Footwear,Asia Pacific,Corporate,3,242.94,0.05,692.38,21.15,129.37,4,No
ORD-5166,Office Supplies,Paper,Europe,Small Business,2,47.0,0.15,79.9,19.77,-10.55,8,No
ORD-5167,Fashion,Watches,North America,Small Business,6,195.1,0.3,819.42,16.49,-79.8,1,Yes
ORD-5168,Electronics,Smartphones,North America,Corporate,10,456.45,0.0,4564.5,12.97,1386.6,6,No
ORD-5169,Office Supplies,Paper,North America,Corporate,4,34.59,0.0,138.36,18.01,20.81,6,No
ORD-5170,Furniture,Chairs,Europe,Small Business,3,257.7,0.05,734.44,37.7,108.66,9,No
ORD-5171,Fashion,Bags,Asia Pacific,Consumer,1,240.96,0.1,216.86,43.11,-8.48,2,No
ORD-5172,Electronics,Smartphones,Asia Pacific,Consumer,8,369.32,0.2,2363.65,42.92,-128.39,9,Yes
ORD-5173,Furniture,Sofas,North America,Corporate,6,130.08,0.2,624.38,26.07,84.0,6,No
ORD-5174,Office Supplies,Pens,Latin America,Consumer,6,69.8,0.2,335.04,25.26,34.76,8,No
ORD-5175,Furniture,Tables,Latin America,Small Business,6,335.51,0.3,1409.14,40.73,-135.37,6,No
ORD-5176,Office Supplies,Storage,Asia Pacific,Consumer,9,14.67,0.2,105.62,41.42,2.58,7,Yes
ORD-5177,Electronics,Smartphones,North America,Consumer,5,360.35,0.05,1711.66,28.45,463.04,2,No
ORD-5178,Furniture,Chairs,Asia Pacific,Corporate,2,172.51,0.1,310.52,18.6,-4.61,4,No
ORD-5179,Fashion,Footwear,North America,Corporate,5,88.98,0.2,355.92,25.99,-2.06,8,Yes
ORD-5180,Furniture,Sofas,Latin America,Small Business,8,448.45,0.1,3228.84,30.73,118.22,1,No
ORD-5181,Furniture,Bookcases,Asia Pacific,Consumer,2,343.95,0.05,653.5,33.3,155.34,2,No
ORD-5182,Furniture,Chairs,Europe,Consumer,10,137.33,0.3,961.31,5.28,-76.79,2,Yes
ORD-5183,Electronics,Smartphones,Europe,Corporate,5,461.0,0.05,2189.75,33.7,347.96,1,No
ORD-5184,Fashion,Bags,North America,Small Business,8,64.81,0.05,492.56,40.99,67.15,6,No
ORD-5185,Office Supplies,Storage,Latin America,Consumer,7,16.61,0.2,93.02,42.69,-16.34,2,No
ORD-5186,Fashion,Bags,Europe,Small Business,2,113.31,0.2,181.3,39.76,4.75,2,No
ORD-5187,Fashion,Footwear,Europe,Corporate,4,233.3,0.3,653.24,28.3,-83.01,1,No
ORD-5188,Furniture,Sofas,Europe,Consumer,7,491.68,0.3,2409.23,39.15,-352.11,5,Yes
ORD-5189,Furniture,Tables,Europe,Corporate,6,439.33,0.05,2504.18,36.57,664.1,9,No
ORD-5190,Office Supplies,Storage,Latin America,Consumer,8,59.36,0.15,403.65,34.48,66.24,4,No
ORD-5191,Fashion,Watches,Europe,Consumer,10,99.84,0.1,898.56,28.1,219.99,8,No
ORD-5192,Electronics,Laptops,Latin America,Small Business,10,417.36,0.05,3964.92,27.84,618.64,3,Yes
ORD-5193,Furniture,Sofas,Latin America,Small Business,2,175.69,0.3,245.97,40.82,-33.97,9,No
ORD-5194,Furniture,Tables,North America,Small Business,2,132.75,0.1,238.95,20.89,42.65,1,No
ORD-5195,Furniture,Chairs,North America,Corporate,9,324.03,0.3,2041.39,40.39,-56.93,9,No
ORD-5196,Furniture,Bookcases,Asia Pacific,Consumer,4,404.21,0.15,1374.31,41.97,224.61,1,No
ORD-5197,Office Supplies,Storage,Europe,Corporate,2,66.1,0.2,105.76,17.83,-2.45,6,No
ORD-5198,Furniture,Chairs,North America,Consumer,10,150.44,0.3,1053.08,42.67,27.48,1,Yes
ORD-5199,Furniture,Sofas,Asia Pacific,Small Business,9,164.14,0.2,1181.81,37.93,181.18,7,No
ORD-5200,Fashion,Apparel,North America,Consumer,7,35.89,0.05,238.67,34.27,3.29,3,No
ORD-5201,Fashion,Bags,Latin America,Small Business,3,37.04,0.2,88.9,35.86,-5.29,2,Yes
ORD-5202,Fashion,Apparel,Europe,Consumer,1,52.22,0.3,36.55,6.28,-7.02,6,No
ORD-5203,Fashion,Footwear,Europe,Small Business,4,33.33,0.2,106.66,12.7,-2.66,4,No
ORD-5204,Fashion,Watches,North America,Consumer,5,64.63,0.0,323.15,16.38,88.21,7,No
ORD-5205,Furniture,Bookcases,North America,Small Business,6,590.27,0.05,3364.54,28.85,464.23,1,No
ORD-5206,Furniture,Bookcases,Asia Pacific,Small Business,7,513.41,0.0,3593.87,37.42,986.7,1,No
ORD-5207,Furniture,Bookcases,Europe,Small Business,10,328.14,0.0,3281.4,36.05,450.86,8,No
ORD-5208,Office Supplies,Binders,Latin America,Corporate,9,29.5,0.1,238.95,20.49,41.0,3,No
ORD-5209,Electronics,Headphones,North America,Small Business,3,62.06,0.15,158.25,42.21,-5.16,6,No
ORD-5210,Fashion,Footwear,Latin America,Corporate,1,62.43,0.2,49.94,7.46,2.71,2,No
ORD-5211,Electronics,Accessories,Europe,Consumer,3,779.61,0.2,1871.06,31.0,293.15,6,No
ORD-5212,Furniture,Chairs,Europe,Small Business,5,77.49,0.0,387.45,9.99,91.46,7,No
ORD-5213,Fashion,Watches,Latin America,Corporate,10,39.6,0.15,336.6,28.6,45.84,6,No
ORD-5214,Fashion,Footwear,Europe,Corporate,8,214.36,0.05,1629.14,38.47,160.23,7,Yes
ORD-5215,Electronics,Smartphones,North America,Small Business,2,73.31,0.0,146.62,37.24,26.0,7,No
ORD-5216,Electronics,Accessories,Latin America,Corporate,2,460.53,0.15,782.9,25.65,73.5,9,No
ORD-5217,Office Supplies,Pens,North America,Consumer,10,7.29,0.3,51.03,9.33,-7.17,1,No
ORD-5218,Electronics,Accessories,Latin America,Consumer,4,86.34,0.3,241.75,14.17,-39.15,1,No
ORD-5219,Office Supplies,Pens,Asia Pacific,Consumer,7,18.12,0.3,88.79,12.86,-18.93,7,Yes
ORD-5220,Office Supplies,Pens,Latin America,Small Business,7,49.71,0.15,295.77,6.19,-4.68,1,No
ORD-5221,Furniture,Sofas,Europe,Corporate,5,512.7,0.15,2178.97,22.47,-8.54,6,No
ORD-5222,Furniture,Tables,Latin America,Consumer,1,91.09,0.1,81.98,21.12,0.97,5,No
ORD-5223,Electronics,Smartphones,North America,Consumer,8,546.12,0.3,3058.27,23.69,255.86,1,Yes
ORD-5224,Office Supplies,Binders,North America,Small Business,10,61.8,0.3,432.6,30.24,-49.83,1,No
ORD-5225,Electronics,Headphones,Europe,Consumer,5,565.08,0.2,2260.32,6.52,176.42,8,No
ORD-5226,Fashion,Footwear,North America,Consumer,8,157.82,0.3,883.79,9.81,-46.4,9,No
ORD-5227,Fashion,Apparel,Europe,Consumer,8,89.5,0.0,716.0,24.4,157.91,4,No
ORD-5228,Furniture,Bookcases,Latin America,Consumer,4,457.96,0.2,1465.47,31.79,105.52,2,No
ORD-5229,Electronics,Smartphones,Asia Pacific,Consumer,7,769.38,0.3,3769.96,10.58,-389.25,1,No
ORD-5230,Furniture,Chairs,North America,Corporate,1,514.15,0.3,359.9,31.61,-67.56,5,Yes
ORD-5231,Electronics,Laptops,Asia Pacific,Small Business,10,531.54,0.2,4252.32,25.18,789.89,8,No
ORD-5232,Electronics,Accessories,North America,Small Business,9,473.14,0.2,3406.61,43.58,563.42,9,Yes
ORD-5233,Electronics,Accessories,Asia Pacific,Corporate,9,158.89,0.0,1430.01,23.05,445.02,6,No
ORD-5234,Furniture,Sofas,Asia Pacific,Corporate,1,351.11,0.0,351.11,37.47,37.7,1,No
ORD-5235,Office Supplies,Pens,North America,Consumer,4,33.52,0.0,134.08,16.98,18.53,2,No
ORD-5236,Fashion,Watches,Europe,Small Business,7,150.93,0.2,845.21,11.02,93.7,7,No
ORD-5237,Fashion,Apparel,Asia Pacific,Consumer,10,104.79,0.3,733.53,9.72,57.93,2,No
ORD-5238,Office Supplies,Pens,North America,Corporate,9,53.17,0.05,454.6,24.5,91.14,9,No
ORD-5239,Office Supplies,Pens,Asia Pacific,Consumer,8,48.58,0.3,272.05,31.8,-27.0,5,No
ORD-5240,Fashion,Watches,Latin America,Corporate,9,80.95,0.1,655.7,42.42,59.04,5,No
ORD-5241,Office Supplies,Binders,North America,Corporate,1,16.47,0.1,14.82,9.09,-3.07,6,No
ORD-5242,Furniture,Sofas,Asia Pacific,Small Business,9,127.53,0.2,918.22,43.71,147.1,4,No
ORD-5243,Furniture,Chairs,Latin America,Consumer,5,273.4,0.05,1298.65,44.62,298.09,8,No
ORD-5244,Electronics,Accessories,North America,Small Business,2,116.7,0.0,233.4,13.58,65.53,4,No
ORD-5245,Furniture,Tables,Latin America,Consumer,4,175.21,0.3,490.59,21.31,-86.96,3,Yes
ORD-5246,Office Supplies,Storage,North America,Corporate,6,63.48,0.3,266.62,5.88,-33.09,5,No
ORD-5247,Office Supplies,Paper,North America,Corporate,6,53.77,0.05,306.49,32.88,21.75,7,No
ORD-5248,Electronics,Accessories,Latin America,Small Business,2,704.26,0.05,1338.09,33.01,255.12,9,No
ORD-5249,Electronics,Accessories,Latin America,Small Business,3,123.33,0.0,369.99,22.71,61.84,2,No
ORD-5250,Office Supplies,Binders,Latin America,Small Business,7,76.04,0.2,425.82,21.89,33.42,4,No
ORD-5251,Fashion,Watches,Latin America,Small Business,5,179.96,0.0,899.8,18.09,207.69,6,No
ORD-5252,Electronics,Smartphones,North America,Small Business,3,661.25,0.3,1388.62,12.22,89.68,8,No
ORD-5253,Fashion,Apparel,Asia Pacific,Consumer,2,131.76,0.15,223.99,32.31,-18.14,9,No
ORD-5254,Fashion,Footwear,Latin America,Corporate,4,117.43,0.3,328.8,30.9,-56.09,5,No
ORD-5255,Fashion,Bags,North America,Consumer,1,158.68,0.3,111.08,27.9,-4.73,5,No
ORD-5256,Furniture,Chairs,Asia Pacific,Corporate,7,428.5,0.1,2699.55,36.42,525.21,9,No
ORD-5257,Fashion,Bags,Latin America,Consumer,6,202.57,0.1,1093.88,11.47,237.65,5,No
ORD-5258,Office Supplies,Pens,Latin America,Corporate,9,71.93,0.2,517.9,23.02,82.62,6,No
ORD-5259,Electronics,Accessories,Europe,Consumer,6,261.96,0.15,1336.0,40.04,213.09,3,No
ORD-5260,Office Supplies,Storage,North America,Consumer,7,52.45,0.2,293.72,29.33,-17.08,1,Yes
ORD-5261,Fashion,Footwear,Europe,Consumer,3,59.24,0.05,168.83,43.53,25.73,7,No
ORD-5262,Fashion,Bags,Asia Pacific,Corporate,3,196.86,0.2,472.46,7.69,-37.33,2,Yes
ORD-5263,Electronics,Smartphones,Asia Pacific,Small Business,5,498.73,0.2,1994.92,30.58,363.23,1,No
ORD-5264,Electronics,Smartphones,Latin America,Small Business,9,884.5,0.15,6766.43,33.44,1527.62,3,No
ORD-5265,Electronics,Laptops,Asia Pacific,Corporate,1,840.65,0.1,756.59,22.84,193.96,7,No
ORD-5266,Furniture,Sofas,North America,Consumer,2,556.54,0.0,1113.08,13.16,159.28,8,No
ORD-5267,Fashion,Watches,Latin America,Small Business,1,128.77,0.1,115.89,43.95,2.31,6,No
ORD-5268,Furniture,Bookcases,Europe,Consumer,9,435.15,0.05,3720.53,25.14,1021.41,6,No
ORD-5269,Office Supplies,Paper,North America,Small Business,7,24.08,0.3,117.99,19.7,-5.98,6,No
ORD-5270,Electronics,Smartphones,Europe,Consumer,3,843.8,0.15,2151.69,16.42,219.49,8,No
ORD-5271,Electronics,Accessories,Latin America,Corporate,4,248.89,0.1,896.0,30.8,151.83,3,No
ORD-5272,Electronics,Laptops,Latin America,Small Business,3,744.9,0.15,1899.49,19.15,-77.17,9,Yes
ORD-5273,Electronics,Accessories,Europe,Consumer,5,322.9,0.3,1130.15,12.77,-67.96,4,No
ORD-5274,Furniture,Bookcases,Europe,Corporate,4,535.79,0.0,2143.16,6.43,701.72,2,No
ORD-5275,Fashion,Bags,Latin America,Small Business,5,140.69,0.0,703.45,38.7,106.39,3,No
ORD-5276,Office Supplies,Storage,Asia Pacific,Corporate,7,9.01,0.2,50.46,13.41,-2.11,6,No
ORD-5277,Furniture,Sofas,North America,Consumer,6,190.1,0.2,912.48,9.93,55.24,9,No
ORD-5278,Fashion,Bags,Europe,Small Business,10,38.71,0.1,348.39,24.25,56.44,8,No
ORD-5279,Fashion,Footwear,Asia Pacific,Corporate,4,33.2,0.0,132.8,39.47,30.21,9,No
ORD-5280,Fashion,Watches,Europe,Corporate,3,228.53,0.2,548.47,30.95,31.47,3,No
ORD-5281,Electronics,Laptops,North America,Small Business,9,469.97,0.15,3595.27,41.8,-8.01,4,No
ORD-5282,Electronics,Laptops,Europe,Consumer,2,78.51,0.0,157.02,5.6,20.07,1,Yes
ORD-5283,Fashion,Bags,Latin America,Corporate,2,35.19,0.0,70.38,25.32,7.5,9,No
ORD-5284,Fashion,Bags,North America,Consumer,9,43.81,0.1,354.86,12.57,31.74,2,No
ORD-5285,Furniture,Bookcases,Asia Pacific,Small Business,4,406.22,0.0,1624.88,28.59,449.84,8,No
ORD-5286,Furniture,Tables,Asia Pacific,Corporate,7,527.83,0.2,2955.85,17.66,296.19,2,Yes
ORD-5287,Furniture,Chairs,Latin America,Corporate,3,61.89,0.1,167.1,42.74,25.88,7,No
ORD-5288,Electronics,Headphones,North America,Small Business,1,414.88,0.3,290.42,20.6,-33.64,2,Yes
ORD-5289,Fashion,Watches,Asia Pacific,Consumer,2,183.42,0.05,348.5,44.47,-3.7,8,No
ORD-5290,Electronics,Accessories,Asia Pacific,Small Business,8,76.08,0.2,486.91,5.6,60.43,4,No
ORD-5291,Office Supplies,Binders,Latin America,Small Business,10,47.35,0.15,402.47,11.37,45.31,1,No
ORD-5292,Fashion,Apparel,Latin America,Small Business,8,200.86,0.0,1606.88,19.56,281.69,7,No
ORD-5293,Fashion,Apparel,Latin America,Corporate,1,180.97,0.05,171.92,10.06,46.64,3,No
ORD-5294,Office Supplies,Pens,Europe,Corporate,1,27.7,0.0,27.7,27.13,-8.59,6,No
ORD-5295,Electronics,Accessories,Asia Pacific,Corporate,9,310.34,0.0,2793.06,23.42,558.65,2,No
ORD-5296,Furniture,Sofas,Asia Pacific,Corporate,10,159.83,0.0,1598.3,8.86,414.74,9,No
ORD-5297,Electronics,Accessories,Europe,Corporate,5,192.24,0.05,913.14,29.13,142.61,9,No
ORD-5298,Fashion,Apparel,Asia Pacific,Small Business,6,84.94,0.05,484.16,9.21,88.04,5,No
ORD-5299,Electronics,Headphones,Latin America,Small Business,3,42.48,0.2,101.95,10.66,10.83,6,Yes
ORD-5300,Electronics,Smartphones,North America,Small Business,7,228.82,0.3,1121.22,40.94,-71.65,1,No
ORD-5301,Furniture,Bookcases,Latin America,Consumer,9,148.0,0.2,1065.6,29.44,158.3,5,Yes
ORD-5302,Electronics,Accessories,Europe,Consumer,5,656.69,0.05,3119.28,8.6,958.22,2,No
ORD-5303,Office Supplies,Paper,Latin America,Consumer,1,63.97,0.2,51.18,30.66,-5.95,1,Yes
ORD-5304,Office Supplies,Paper,Europe,Corporate,2,78.58,0.3,110.01,8.45,-15.46,2,Yes
ORD-5305,Office Supplies,Binders,Latin America,Consumer,10,15.21,0.0,152.1,6.31,12.55,7,No
ORD-5306,Electronics,Smartphones,Latin America,Corporate,2,794.44,0.2,1271.1,36.41,76.55,6,No
ORD-5307,Furniture,Sofas,Latin America,Small Business,9,369.47,0.15,2826.45,18.78,333.63,5,No
ORD-5308,Electronics,Accessories,North America,Small Business,9,836.1,0.15,6396.16,13.09,275.75,9,No
ORD-5309,Electronics,Smartphones,Asia Pacific,Corporate,1,172.21,0.2,137.77,31.56,-8.64,3,Yes
ORD-5310,Office Supplies,Binders,Asia Pacific,Corporate,5,44.3,0.05,210.42,18.5,53.19,7,No
ORD-5311,Fashion,Watches,Latin America,Consumer,7,125.76,0.2,704.26,26.92,121.09,5,No
ORD-5312,Furniture,Bookcases,Europe,Corporate,4,266.62,0.3,746.54,43.76,-76.9,3,No
ORD-5313,Electronics,Accessories,Latin America,Corporate,1,378.39,0.15,321.63,29.79,5.82,6,No
ORD-5314,Furniture,Tables,Europe,Small Business,1,380.8,0.2,304.64,42.48,32.85,6,Yes
ORD-5315,Fashion,Watches,North America,Small Business,10,47.89,0.05,454.95,8.99,24.84,2,No
ORD-5316,Fashion,Apparel,North America,Consumer,6,206.22,0.3,866.12,42.7,3.82,1,No
ORD-5317,Electronics,Accessories,Asia Pacific,Consumer,6,743.11,0.1,4012.79,32.95,76.92,3,No
ORD-5318,Electronics,Laptops,Europe,Corporate,6,715.04,0.2,3432.19,19.29,609.17,1,Yes
ORD-5319,Fashion,Apparel,North America,Corporate,2,100.88,0.3,141.23,42.22,-4.92,6,No
ORD-5320,Office Supplies,Pens,Asia Pacific,Consumer,8,26.19,0.15,178.09,9.0,10.57,4,No
ORD-5321,Fashion,Apparel,Asia Pacific,Small Business,10,176.67,0.3,1236.69,6.12,-123.32,2,Yes
ORD-5322,Fashion,Watches,Europe,Corporate,1,70.73,0.2,56.58,9.74,-4.18,3,No
ORD-5323,Fashion,Apparel,Asia Pacific,Consumer,2,147.12,0.3,205.97,29.54,-39.56,4,No
ORD-5324,Furniture,Bookcases,Asia Pacific,Consumer,6,430.45,0.1,2324.43,10.86,222.44,2,Yes
ORD-5325,Fashion,Bags,North America,Small Business,1,114.5,0.15,97.33,42.72,2.9,9,Yes
ORD-5326,Fashion,Bags,Latin America,Corporate,1,200.12,0.05,190.11,44.84,15.38,3,No
ORD-5327,Furniture,Tables,Asia Pacific,Corporate,10,437.4,0.1,3936.6,39.48,6.01,7,No
ORD-5328,Fashion,Footwear,Asia Pacific,Corporate,1,74.04,0.3,51.83,18.92,-15.71,8,Yes
ORD-5329,Fashion,Watches,Asia Pacific,Consumer,7,66.32,0.0,464.24,23.38,59.72,1,No
ORD-5330,Furniture,Tables,Europe,Corporate,6,522.25,0.0,3133.5,5.61,914.66,1,No
ORD-5331,Fashion,Apparel,Asia Pacific,Consumer,1,168.37,0.2,134.7,27.23,-6.61,5,Yes
ORD-5332,Furniture,Chairs,North America,Corporate,7,299.8,0.05,1993.67,29.65,71.38,6,No
ORD-5333,Fashion,Watches,Latin America,Corporate,10,218.66,0.0,2186.6,11.84,605.27,7,No
ORD-5334,Fashion,Apparel,Europe,Consumer,7,175.98,0.05,1170.27,36.89,311.61,3,No
ORD-5335,Office Supplies,Binders,North America,Corporate,8,78.75,0.0,630.0,32.8,58.73,8,No
ORD-5336,Office Supplies,Binders,Europe,Small Business,9,5.46,0.05,46.68,22.26,5.03,2,No
ORD-5337,Furniture,Chairs,Asia Pacific,Small Business,2,342.02,0.15,581.43,33.91,70.93,2,No
ORD-5338,Electronics,Accessories,Europe,Small Business,6,325.79,0.2,1563.79,8.26,120.09,6,No
ORD-5339,Fashion,Footwear,North America,Corporate,9,141.27,0.3,890.0,7.01,93.27,6,No
ORD-5340,Furniture,Chairs,Latin America,Small Business,3,334.6,0.2,803.04,24.18,-36.54,9,No
ORD-5341,Office Supplies,Paper,North America,Small Business,3,17.61,0.15,44.91,11.5,-5.74,9,No
ORD-5342,Office Supplies,Binders,Europe,Consumer,3,9.44,0.0,28.32,16.1,-0.45,5,No
ORD-5343,Furniture,Chairs,North America,Corporate,6,371.73,0.3,1561.27,12.85,-250.64,3,No
ORD-5344,Furniture,Chairs,Europe,Consumer,5,566.04,0.3,1981.14,10.97,134.57,3,No
ORD-5345,Furniture,Chairs,Europe,Corporate,4,82.37,0.05,313.01,25.13,37.79,1,No
ORD-5346,Fashion,Footwear,North America,Small Business,1,102.5,0.2,82.0,14.23,6.08,8,No
ORD-5347,Electronics,Laptops,Europe,Consumer,1,600.51,0.2,480.41,8.59,46.68,2,No
ORD-5348,Electronics,Laptops,Europe,Consumer,1,266.76,0.3,186.73,26.65,-26.63,7,No
ORD-5349,Electronics,Laptops,North America,Corporate,8,52.03,0.0,416.24,19.68,88.05,6,No
ORD-5350,Fashion,Bags,Latin America,Consumer,7,77.62,0.15,461.84,42.19,-24.86,9,No
ORD-5351,Office Supplies,Storage,North America,Corporate,10,26.52,0.1,238.68,17.02,-4.48,7,No
ORD-5352,Furniture,Bookcases,Europe,Small Business,4,366.48,0.1,1319.33,5.34,228.42,7,No
ORD-5353,Furniture,Tables,Europe,Corporate,3,294.27,0.0,882.81,8.54,298.1,5,No
ORD-5354,Fashion,Footwear,Asia Pacific,Small Business,9,181.47,0.1,1469.91,31.94,27.47,9,No
ORD-5355,Electronics,Accessories,North America,Small Business,10,840.06,0.05,7980.57,30.58,1867.8,2,No
ORD-5356,Fashion,Watches,Europe,Consumer,9,101.24,0.05,865.6,40.49,186.74,5,No
ORD-5357,Furniture,Bookcases,North America,Corporate,9,187.36,0.05,1601.93,15.43,145.41,1,No
ORD-5358,Furniture,Chairs,North America,Small Business,6,518.1,0.2,2486.88,24.98,-190.15,5,No
ORD-5359,Fashion,Watches,Latin America,Corporate,8,115.31,0.3,645.74,40.8,19.4,5,No
ORD-5360,Office Supplies,Binders,Asia Pacific,Consumer,7,32.8,0.15,195.16,44.65,-11.39,7,No
ORD-5361,Fashion,Apparel,Latin America,Consumer,5,53.46,0.05,253.94,18.73,28.03,9,No
ORD-5362,Electronics,Headphones,Asia Pacific,Small Business,2,740.7,0.05,1407.33,35.42,268.57,6,No
ORD-5363,Office Supplies,Pens,Latin America,Corporate,8,18.63,0.05,141.59,5.54,36.71,5,No
ORD-5364,Office Supplies,Paper,Asia Pacific,Consumer,7,14.19,0.1,89.4,7.11,13.27,5,No
ORD-5365,Furniture,Tables,Europe,Corporate,2,222.54,0.1,400.57,40.45,6.91,1,No
ORD-5366,Fashion,Footwear,Latin America,Consumer,2,241.24,0.3,337.74,41.15,-67.76,2,No
ORD-5367,Office Supplies,Binders,Europe,Consumer,2,32.63,0.2,52.21,22.87,-0.41,9,No
ORD-5368,Office Supplies,Storage,Europe,Corporate,9,64.81,0.1,524.96,15.68,90.15,8,Yes
ORD-5369,Fashion,Footwear,Europe,Small Business,1,180.59,0.15,153.5,36.87,15.39,3,No
ORD-5370,Fashion,Bags,Latin America,Consumer,10,121.74,0.3,852.18,17.96,-100.21,8,Yes
ORD-5371,Office Supplies,Paper,North America,Small Business,6,66.15,0.15,337.37,42.3,-24.69,6,No
ORD-5372,Electronics,Smartphones,North America,Consumer,8,776.45,0.05,5901.02,34.18,327.07,3,No
ORD-5373,Furniture,Chairs,Latin America,Consumer,10,222.61,0.2,1780.88,32.69,-96.2,4,No
ORD-5374,Electronics,Accessories,Europe,Consumer,4,144.6,0.15,491.64,29.9,14.98,3,No
ORD-5375,Fashion,Footwear,North America,Small Business,3,154.51,0.3,324.47,39.24,1.08,6,Yes
ORD-5376,Office Supplies,Storage,Europe,Consumer,3,17.67,0.3,37.11,32.73,-10.87,4,No
ORD-5377,Furniture,Chairs,Asia Pacific,Corporate,8,433.24,0.05,3292.62,36.27,317.67,4,No
ORD-5378,Electronics,Headphones,North America,Corporate,7,118.81,0.0,831.67,27.05,158.81,9,No
ORD-5379,Fashion,Apparel,Europe,Consumer,7,33.68,0.0,235.76,24.66,18.93,2,No
ORD-5380,Furniture,Tables,North America,Corporate,7,558.44,0.1,3518.17,26.37,234.78,7,No
ORD-5381,Office Supplies,Pens,Asia Pacific,Consumer,3,20.74,0.05,59.11,44.29,0.33,3,No
ORD-5382,Electronics,Smartphones,Asia Pacific,Corporate,3,337.65,0.3,709.06,39.32,-20.8,3,Yes
ORD-5383,Office Supplies,Pens,North America,Corporate,3,66.58,0.2,159.79,44.72,-16.11,6,No
ORD-5384,Furniture,Sofas,Europe,Consumer,2,347.05,0.1,624.69,20.87,125.4,5,No
ORD-5385,Furniture,Chairs,Latin America,Small Business,6,183.72,0.2,881.86,42.99,96.11,9,Yes
ORD-5386,Electronics,Laptops,Latin America,Consumer,7,608.54,0.2,3407.82,36.38,323.75,4,No
ORD-5387,Office Supplies,Pens,North America,Corporate,5,64.31,0.0,321.55,19.46,39.77,2,No
ORD-5388,Electronics,Headphones,North America,Corporate,5,101.94,0.2,407.76,35.66,27.23,6,Yes
ORD-5389,Electronics,Accessories,Europe,Small Business,6,427.74,0.15,2181.47,19.31,13.9,8,No
ORD-5390,Furniture,Chairs,Asia Pacific,Consumer,7,587.25,0.3,2877.52,5.6,21.19,8,Yes
ORD-5391,Electronics,Laptops,Asia Pacific,Consumer,4,531.55,0.3,1488.34,22.2,133.39,7,No
ORD-5392,Fashion,Bags,North America,Small Business,9,131.78,0.0,1186.02,11.6,247.33,8,No
ORD-5393,Furniture,Tables,Latin America,Small Business,7,424.47,0.0,2971.29,23.42,500.39,9,No
ORD-5394,Fashion,Bags,Asia Pacific,Consumer,4,236.66,0.3,662.65,27.87,46.69,5,Yes
ORD-5395,Electronics,Accessories,Asia Pacific,Corporate,4,66.55,0.2,212.96,31.88,15.38,6,Yes
ORD-5396,Electronics,Laptops,North America,Consumer,2,544.04,0.1,979.27,38.69,189.33,8,No
ORD-5397,Office Supplies,Storage,Latin America,Corporate,8,5.52,0.0,44.16,5.05,6.53,9,No
ORD-5398,Office Supplies,Storage,Latin America,Corporate,7,27.33,0.15,162.61,28.72,22.55,2,No
ORD-5399,Furniture,Sofas,Asia Pacific,Corporate,1,198.74,0.1,178.87,6.32,17.11,6,No
ORD-5400,Furniture,Sofas,Europe,Consumer,10,459.12,0.1,4132.08,27.6,676.72,8,No
ORD-5401,Electronics,Headphones,Europe,Small Business,7,231.56,0.05,1539.87,6.98,213.04,8,No
ORD-5402,Furniture,Bookcases,Asia Pacific,Consumer,3,345.67,0.15,881.46,21.54,5.24,5,No
ORD-5403,Electronics,Headphones,Asia Pacific,Small Business,10,770.95,0.2,6167.6,35.54,511.05,6,No
ORD-5404,Fashion,Footwear,Asia Pacific,Corporate,5,221.8,0.1,998.1,34.81,68.91,5,No
ORD-5405,Office Supplies,Paper,Latin America,Small Business,10,49.18,0.2,393.44,14.7,37.61,5,No
ORD-5406,Furniture,Bookcases,Latin America,Corporate,1,343.95,0.3,240.76,38.47,-8.43,3,Yes
ORD-5407,Electronics,Headphones,Latin America,Consumer,10,661.74,0.3,4632.18,42.41,477.98,9,No
ORD-5408,Office Supplies,Paper,Europe,Consumer,2,77.55,0.2,124.08,22.82,-17.0,3,Yes
ORD-5409,Fashion,Apparel,Latin America,Corporate,5,227.33,0.2,909.32,18.91,-9.83,7,No
ORD-5410,Furniture,Tables,North America,Consumer,1,83.17,0.1,74.85,27.67,6.07,7,No
ORD-5411,Furniture,Tables,North America,Consumer,3,544.51,0.1,1470.18,9.27,305.43,4,No
ORD-5412,Fashion,Watches,Latin America,Corporate,9,184.07,0.15,1408.14,12.61,160.04,8,No
ORD-5413,Fashion,Apparel,Europe,Consumer,5,183.81,0.2,735.24,16.93,-14.1,6,No
ORD-5414,Electronics,Laptops,Asia Pacific,Consumer,4,295.1,0.05,1121.38,12.62,163.16,3,Yes
ORD-5415,Furniture,Tables,Asia Pacific,Corporate,5,158.88,0.15,675.24,13.32,-12.69,5,No
ORD-5416,Fashion,Bags,Latin America,Small Business,1,32.35,0.3,22.64,17.55,-6.32,3,No
ORD-5417,Electronics,Laptops,North America,Small Business,8,416.81,0.1,3001.03,7.58,210.47,1,No
ORD-5418,Office Supplies,Paper,Europe,Consumer,9,64.55,0.1,522.85,42.89,5.91,9,No
ORD-5419,Office Supplies,Pens,Latin America,Corporate,3,38.63,0.1,104.3,34.19,7.55,3,No
ORD-5420,Furniture,Tables,Europe,Consumer,3,68.77,0.1,185.68,21.05,41.29,4,No
ORD-5421,Electronics,Laptops,North America,Consumer,4,258.13,0.15,877.64,22.64,129.78,2,No
ORD-5422,Fashion,Bags,Asia Pacific,Consumer,8,217.58,0.05,1653.61,36.04,323.93,6,No
ORD-5423,Office Supplies,Binders,North America,Consumer,5,53.13,0.05,252.37,7.24,71.36,3,No
ORD-5424,Office Supplies,Pens,Europe,Consumer,1,21.26,0.3,14.88,41.72,-15.89,1,Yes
ORD-5425,Office Supplies,Pens,North America,Small Business,1,11.82,0.3,8.27,11.52,-5.57,3,No
ORD-5426,Electronics,Accessories,Latin America,Corporate,9,437.81,0.0,3940.29,38.27,806.63,8,No
ORD-5427,Office Supplies,Pens,North America,Small Business,10,75.18,0.05,714.21,42.03,21.41,6,No
ORD-5428,Furniture,Sofas,Europe,Small Business,8,399.62,0.1,2877.26,25.23,713.27,3,No
ORD-5429,Electronics,Headphones,Latin America,Corporate,9,282.3,0.1,2286.63,41.59,430.79,3,No
ORD-5430,Fashion,Footwear,Europe,Corporate,10,198.12,0.0,1981.2,36.78,197.13,2,No
ORD-5431,Electronics,Smartphones,Latin America,Small Business,1,242.71,0.1,218.44,44.3,14.88,1,No
ORD-5432,Electronics,Accessories,North America,Corporate,5,636.48,0.3,2227.68,42.3,-13.51,6,Yes
ORD-5433,Office Supplies,Storage,Europe,Small Business,6,60.14,0.0,360.84,24.76,35.79,3,No
ORD-5434,Fashion,Watches,Europe,Consumer,9,127.24,0.05,1087.9,5.86,292.95,3,No
ORD-5435,Fashion,Footwear,Latin America,Small Business,6,179.15,0.1,967.41,28.64,157.29,4,No
ORD-5436,Electronics,Laptops,Europe,Corporate,5,299.76,0.0,1498.8,17.19,453.21,8,No
ORD-5437,Office Supplies,Paper,Asia Pacific,Corporate,1,65.33,0.0,65.33,39.41,0.29,7,No
ORD-5438,Office Supplies,Paper,Asia Pacific,Consumer,8,42.26,0.2,270.46,33.08,-21.6,7,No
ORD-5439,Office Supplies,Pens,Europe,Corporate,3,38.93,0.15,99.27,23.97,7.74,3,No
ORD-5440,Furniture,Chairs,Latin America,Consumer,7,248.62,0.0,1740.34,10.67,419.05,1,No
ORD-5441,Furniture,Tables,Asia Pacific,Consumer,2,234.19,0.15,398.12,13.73,-5.12,6,No
ORD-5442,Fashion,Footwear,Latin America,Consumer,8,175.38,0.05,1332.89,30.83,103.01,5,No
ORD-5443,Furniture,Chairs,Latin America,Corporate,2,241.02,0.1,433.84,29.94,-8.81,9,No
ORD-5444,Furniture,Tables,North America,Consumer,9,470.55,0.0,4234.95,6.74,992.31,4,No
ORD-5445,Furniture,Chairs,North America,Consumer,3,110.96,0.05,316.24,36.28,29.91,5,No
ORD-5446,Electronics,Headphones,Europe,Corporate,9,398.75,0.15,3050.44,44.66,105.52,1,No
ORD-5447,Electronics,Headphones,Asia Pacific,Small Business,9,90.3,0.1,731.43,44.55,130.31,1,Yes
ORD-5448,Fashion,Footwear,Latin America,Corporate,9,133.1,0.1,1078.11,25.83,215.54,7,No
ORD-5449,Office Supplies,Pens,Asia Pacific,Small Business,2,49.68,0.3,69.55,10.17,-9.63,3,Yes
ORD-5450,Furniture,Sofas,Europe,Consumer,2,164.39,0.0,328.78,17.23,25.09,5,No
ORD-5451,Office Supplies,Binders,North America,Corporate,8,75.32,0.2,482.05,35.9,38.19,2,Yes
ORD-5452,Fashion,Footwear,Latin America,Small Business,10,158.66,0.2,1269.28,16.11,128.7,2,No
ORD-5453,Furniture,Chairs,North America,Consumer,4,532.6,0.15,1810.84,21.39,279.59,3,No
ORD-5454,Electronics,Smartphones,Asia Pacific,Consumer,3,503.75,0.05,1435.69,26.76,119.81,2,Yes
ORD-5455,Electronics,Headphones,Europe,Corporate,4,802.21,0.05,3048.4,26.99,112.71,6,No
ORD-5456,Furniture,Sofas,Europe,Small Business,10,474.35,0.0,4743.5,7.39,886.4,7,No
ORD-5457,Fashion,Bags,Europe,Consumer,3,214.86,0.05,612.35,40.28,91.31,7,No
ORD-5458,Furniture,Tables,Latin America,Corporate,2,333.06,0.3,466.28,9.56,1.02,9,No
ORD-5459,Fashion,Footwear,Latin America,Corporate,2,80.76,0.2,129.22,17.19,9.89,1,No
ORD-5460,Furniture,Tables,Europe,Small Business,10,142.27,0.3,995.89,26.62,-33.37,4,No
ORD-5461,Electronics,Accessories,Asia Pacific,Small Business,1,389.21,0.15,330.83,24.72,-14.64,1,No
ORD-5462,Office Supplies,Binders,North America,Small Business,9,44.2,0.3,278.46,37.53,-40.97,2,No
ORD-5463,Fashion,Bags,North America,Corporate,9,181.33,0.1,1468.77,43.8,148.64,9,No
ORD-5464,Office Supplies,Storage,Latin America,Consumer,1,79.3,0.3,55.51,11.03,-7.44,6,No
ORD-5465,Fashion,Footwear,Asia Pacific,Small Business,2,56.13,0.15,95.42,13.17,6.8,3,No
ORD-5466,Furniture,Bookcases,Latin America,Small Business,1,472.56,0.3,330.79,16.91,-47.5,1,No
ORD-5467,Furniture,Sofas,Latin America,Small Business,5,93.98,0.15,399.42,27.96,15.58,1,No
ORD-5468,Fashion,Watches,Latin America,Corporate,9,104.19,0.2,750.17,39.02,-18.05,5,Yes
ORD-5469,Furniture,Bookcases,North America,Corporate,8,190.97,0.15,1298.6,25.76,158.61,4,No
ORD-5470,Electronics,Accessories,Asia Pacific,Small Business,9,64.04,0.1,518.72,17.64,103.91,3,No
ORD-5471,Fashion,Apparel,Asia Pacific,Consumer,2,213.03,0.0,426.06,11.56,45.51,8,Yes
ORD-5472,Fashion,Watches,North America,Consumer,9,65.31,0.2,470.23,38.34,-7.43,2,Yes
ORD-5473,Furniture,Chairs,Asia Pacific,Corporate,5,420.05,0.2,1680.2,27.04,135.51,8,No
ORD-5474,Electronics,Headphones,Latin America,Consumer,1,168.46,0.15,143.19,36.53,15.04,1,Yes
ORD-5475,Electronics,Headphones,Latin America,Small Business,7,127.57,0.2,714.39,19.24,-25.63,6,No
ORD-5476,Office Supplies,Binders,Latin America,Small Business,5,37.4,0.2,149.6,7.07,15.95,1,No
ORD-5477,Furniture,Sofas,North America,Consumer,2,400.75,0.05,761.42,22.11,204.29,2,Yes
ORD-5478,Office Supplies,Storage,Asia Pacific,Corporate,3,50.11,0.0,150.33,20.74,14.86,6,No
ORD-5479,Fashion,Watches,Europe,Corporate,1,110.01,0.05,104.51,9.67,26.0,7,No
ORD-5480,Furniture,Bookcases,Latin America,Consumer,3,567.03,0.05,1616.04,10.0,64.09,4,No
ORD-5481,Office Supplies,Pens,North America,Corporate,8,28.05,0.15,190.74,17.14,0.38,6,No
ORD-5482,Furniture,Sofas,Asia Pacific,Consumer,2,517.98,0.05,984.16,26.38,111.86,8,No
ORD-5483,Furniture,Bookcases,Asia Pacific,Small Business,6,177.81,0.05,1013.52,33.06,263.16,1,Yes
ORD-5484,Furniture,Sofas,Europe,Small Business,3,571.11,0.0,1713.33,42.17,480.62,4,No
ORD-5485,Furniture,Sofas,Latin America,Consumer,7,477.1,0.2,2671.76,30.7,301.67,6,No
ORD-5486,Office Supplies,Storage,Europe,Consumer,10,55.14,0.05,523.83,32.25,57.03,6,No
ORD-5487,Electronics,Headphones,Latin America,Corporate,10,112.27,0.0,1122.7,7.19,364.68,9,No
ORD-5488,Electronics,Headphones,Asia Pacific,Small Business,2,262.16,0.15,445.67,17.29,32.01,6,No
ORD-5489,Office Supplies,Binders,Asia Pacific,Corporate,9,59.89,0.3,377.31,16.83,17.79,8,Yes
ORD-5490,Office Supplies,Pens,Europe,Corporate,5,68.56,0.2,274.24,13.13,-2.51,8,Yes
ORD-5491,Furniture,Chairs,Europe,Corporate,2,531.88,0.0,1063.76,32.54,140.91,9,No
ORD-5492,Furniture,Sofas,North America,Small Business,8,333.25,0.05,2532.7,37.48,467.08,6,No
ORD-5493,Fashion,Bags,Europe,Consumer,5,211.12,0.15,897.26,12.36,124.94,6,No
ORD-5494,Fashion,Watches,Latin America,Corporate,4,233.48,0.3,653.74,14.06,33.13,9,Yes
ORD-5495,Electronics,Headphones,Latin America,Small Business,8,201.67,0.1,1452.02,39.77,178.77,8,No
ORD-5496,Fashion,Footwear,Latin America,Small Business,2,247.06,0.05,469.41,13.4,63.61,5,No
ORD-5497,Fashion,Watches,Asia Pacific,Consumer,10,157.2,0.2,1257.6,36.61,118.87,2,Yes
ORD-5498,Office Supplies,Pens,Europe,Small Business,1,44.85,0.05,42.61,38.31,-5.75,6,No
ORD-5499,Electronics,Accessories,Asia Pacific,Corporate,3,599.47,0.15,1528.65,16.08,319.52,9,No
ORD-5500,Fashion,Watches,Latin America,Consumer,9,229.94,0.1,1862.51,37.96,432.29,6,No
ORD-5501,Office Supplies,Binders,North America,Small Business,1,18.44,0.0,18.44,22.64,-4.67,9,No
ORD-5502,Electronics,Laptops,Asia Pacific,Small Business,9,201.28,0.2,1449.22,41.29,44.35,2,No
ORD-5503,Office Supplies,Storage,Asia Pacific,Consumer,5,64.61,0.05,306.9,22.02,66.49,3,No
ORD-5504,Fashion,Apparel,North America,Consumer,4,168.59,0.05,640.64,26.13,74.28,7,No
ORD-5505,Electronics,Smartphones,Europe,Small Business,8,757.49,0.0,6059.92,16.0,1977.85,1,No
ORD-5506,Electronics,Laptops,North America,Corporate,8,536.3,0.1,3861.36,17.62,577.08,7,No
ORD-5507,Furniture,Tables,Asia Pacific,Consumer,6,462.04,0.2,2217.79,35.03,260.39,8,Yes
ORD-5508,Office Supplies,Binders,Europe,Small Business,7,6.5,0.3,31.85,9.86,-4.09,2,Yes
ORD-5509,Furniture,Sofas,Asia Pacific,Consumer,6,248.76,0.05,1417.93,33.94,59.32,1,No
ORD-5510,Office Supplies,Paper,North America,Consumer,5,29.58,0.05,140.5,16.97,25.94,4,No
ORD-5511,Office Supplies,Pens,Europe,Corporate,7,15.49,0.15,92.17,8.15,10.23,9,No
ORD-5512,Fashion,Footwear,Europe,Corporate,4,204.66,0.0,818.64,33.17,190.73,9,No
ORD-5513,Fashion,Apparel,Asia Pacific,Small Business,5,126.33,0.05,600.07,8.44,74.79,7,No
ORD-5514,Furniture,Sofas,Europe,Corporate,6,486.52,0.0,2919.12,9.05,458.62,7,No
ORD-5515,Electronics,Laptops,Europe,Corporate,8,196.27,0.0,1570.16,39.21,340.85,7,No
ORD-5516,Fashion,Bags,North America,Corporate,4,91.37,0.2,292.38,8.29,37.02,5,Yes
ORD-5517,Fashion,Apparel,North America,Consumer,10,249.81,0.15,2123.38,43.36,83.09,4,No
ORD-5518,Office Supplies,Pens,Asia Pacific,Consumer,6,77.25,0.0,463.5,12.56,102.16,1,No
ORD-5519,Furniture,Chairs,Asia Pacific,Consumer,8,286.64,0.15,1949.15,10.37,369.01,2,No
ORD-5520,Office Supplies,Storage,Latin America,Consumer,9,61.62,0.05,526.85,28.68,122.58,1,No
ORD-5521,Electronics,Accessories,Latin America,Corporate,5,637.85,0.3,2232.47,39.41,4.79,1,No
ORD-5522,Office Supplies,Pens,Asia Pacific,Corporate,6,13.39,0.3,56.24,14.49,-2.17,6,No
ORD-5523,Furniture,Sofas,North America,Corporate,5,539.66,0.0,2698.3,30.67,513.09,9,No
ORD-5524,Electronics,Smartphones,Latin America,Corporate,1,214.66,0.05,203.93,28.63,38.55,2,No
ORD-5525,Furniture,Sofas,Latin America,Small Business,6,579.37,0.05,3302.41,34.29,309.59,5,No
ORD-5526,Fashion,Apparel,Asia Pacific,Consumer,4,186.43,0.2,596.58,5.5,97.16,6,Yes
ORD-5527,Fashion,Apparel,Europe,Small Business,3,114.08,0.1,308.02,15.58,7.64,1,No
ORD-5528,Electronics,Laptops,Europe,Consumer,10,69.97,0.3,489.79,19.24,-24.99,1,No
ORD-5529,Electronics,Smartphones,Latin America,Small Business,10,761.42,0.1,6852.78,8.99,394.38,5,No
ORD-5530,Furniture,Chairs,North America,Small Business,8,445.88,0.1,3210.34,8.95,546.22,3,No
ORD-5531,Office Supplies,Pens,North America,Small Business,9,40.6,0.3,255.78,20.59,-31.5,7,Yes
ORD-5532,Furniture,Bookcases,North America,Corporate,5,488.46,0.05,2320.18,16.58,252.19,4,No
ORD-5533,Electronics,Smartphones,North America,Consumer,4,302.71,0.2,968.67,22.26,93.42,4,Yes
ORD-5534,Electronics,Laptops,Latin America,Corporate,3,88.24,0.05,251.48,36.16,-2.25,6,No
ORD-5535,Furniture,Sofas,Latin America,Small Business,3,97.84,0.1,264.17,12.86,63.22,1,Yes
ORD-5536,Fashion,Bags,Asia Pacific,Consumer,1,46.55,0.05,44.22,10.46,8.99,1,Yes
ORD-5537,Fashion,Footwear,Latin America,Consumer,4,194.34,0.0,777.36,31.17,85.75,2,No
ORD-5538,Fashion,Apparel,Latin America,Consumer,7,136.51,0.05,907.79,9.8,229.52,5,No
ORD-5539,Office Supplies,Pens,North America,Corporate,2,47.71,0.2,76.34,37.31,-1.15,8,No
ORD-5540,Office Supplies,Binders,Latin America,Consumer,3,66.88,0.1,180.58,16.73,31.66,3,No
ORD-5541,Furniture,Chairs,Latin America,Consumer,3,244.85,0.05,697.82,41.45,62.18,2,No
ORD-5542,Electronics,Headphones,Asia Pacific,Small Business,8,726.14,0.15,4937.75,40.33,287.41,1,No
ORD-5543,Furniture,Sofas,Asia Pacific,Corporate,2,181.31,0.05,344.49,23.81,11.59,8,No
ORD-5544,Office Supplies,Paper,Europe,Corporate,6,67.04,0.1,362.02,28.37,22.94,7,Yes
ORD-5545,Electronics,Smartphones,North America,Corporate,9,540.04,0.0,4860.36,11.83,948.21,7,No
ORD-5546,Office Supplies,Pens,Asia Pacific,Corporate,9,37.1,0.2,267.12,31.98,-25.01,8,Yes
ORD-5547,Electronics,Headphones,Asia Pacific,Corporate,5,60.33,0.3,211.15,14.23,7.32,9,No
ORD-5548,Electronics,Smartphones,Latin America,Corporate,10,767.88,0.05,7294.86,8.43,880.83,1,No
ORD-5549,Furniture,Sofas,Europe,Consumer,6,589.01,0.1,3180.65,26.61,427.21,5,No
ORD-5550,Electronics,Laptops,North America,Consumer,10,870.3,0.15,7397.55,17.74,559.24,3,No
ORD-5551,Electronics,Laptops,North America,Consumer,4,679.39,0.15,2309.93,32.45,357.73,1,No
ORD-5552,Office Supplies,Paper,Europe,Consumer,1,9.57,0.0,9.57,26.94,-9.04,5,No
ORD-5553,Fashion,Bags,Europe,Small Business,2,162.74,0.0,325.48,25.65,66.02,2,No
ORD-5554,Electronics,Accessories,North America,Consumer,10,861.25,0.0,8612.5,20.38,2431.78,3,No
ORD-5555,Furniture,Sofas,Europe,Corporate,10,423.56,0.2,3388.48,34.07,392.32,1,No
ORD-5556,Office Supplies,Storage,North America,Small Business,7,41.0,0.1,258.3,20.54,-5.38,1,No
ORD-5557,Office Supplies,Binders,Europe,Corporate,2,71.77,0.3,100.48,38.4,-5.58,2,No
ORD-5558,Electronics,Headphones,North America,Small Business,10,517.55,0.1,4657.95,32.77,401.57,3,No
ORD-5559,Office Supplies,Binders,North America,Consumer,5,65.37,0.3,228.79,5.48,-16.37,6,No
ORD-5560,Fashion,Apparel,Latin America,Corporate,7,237.28,0.2,1328.77,28.89,-16.19,5,No
ORD-5561,Furniture,Chairs,North America,Consumer,9,134.49,0.3,847.29,33.84,36.23,9,No
ORD-5562,Furniture,Tables,Europe,Small Business,8,382.09,0.1,2751.05,43.73,93.4,7,No
ORD-5563,Office Supplies,Paper,Latin America,Corporate,6,72.86,0.15,371.59,14.1,71.07,4,No
ORD-5564,Furniture,Tables,Asia Pacific,Corporate,1,64.55,0.0,64.55,11.38,2.26,9,No
ORD-5565,Office Supplies,Paper,North America,Small Business,7,75.37,0.3,369.31,12.07,-0.94,6,Yes
ORD-5566,Fashion,Apparel,North America,Consumer,8,160.36,0.05,1218.74,7.22,186.2,1,Yes
ORD-5567,Furniture,Tables,Europe,Corporate,2,76.0,0.3,106.4,40.16,-7.02,4,No
ORD-5568,Fashion,Apparel,Asia Pacific,Consumer,3,31.61,0.1,85.35,42.86,-0.66,1,No
ORD-5569,Fashion,Bags,Asia Pacific,Consumer,5,95.21,0.3,333.23,6.84,22.7,3,No
ORD-5570,Fashion,Footwear,Asia Pacific,Corporate,1,49.09,0.0,49.09,18.32,-3.31,8,No
ORD-5571,Furniture,Bookcases,Latin America,Consumer,5,186.83,0.2,747.32,43.44,-60.4,7,No
ORD-5572,Office Supplies,Paper,Europe,Corporate,3,34.57,0.0,103.71,25.38,21.87,7,No
ORD-5573,Fashion,Footwear,Europe,Corporate,2,240.19,0.2,384.3,40.17,44.9,7,No
ORD-5574,Office Supplies,Storage,Latin America,Corporate,2,54.68,0.2,87.49,7.4,-5.05,1,Yes
ORD-5575,Electronics,Headphones,Latin America,Corporate,3,147.98,0.1,399.55,39.56,71.74,5,Yes
ORD-5576,Fashion,Bags,Europe,Consumer,3,44.55,0.3,93.55,22.31,-17.51,6,Yes
ORD-5577,Office Supplies,Binders,North America,Corporate,5,65.08,0.3,227.78,37.73,-4.4,2,No
ORD-5578,Furniture,Chairs,Europe,Corporate,4,61.36,0.3,171.81,22.16,-22.13,6,No
ORD-5579,Furniture,Chairs,Asia Pacific,Small Business,7,349.89,0.15,2081.85,21.21,395.12,1,No
ORD-5580,Electronics,Smartphones,North America,Consumer,2,178.46,0.1,321.23,17.44,49.96,5,No
ORD-5581,Furniture,Tables,North America,Consumer,7,87.52,0.2,490.11,34.76,16.74,1,No
ORD-5582,Furniture,Chairs,Latin America,Consumer,1,169.42,0.0,169.42,44.98,4.79,8,No
ORD-5583,Electronics,Smartphones,North America,Corporate,1,846.99,0.05,804.64,16.91,228.94,2,No
ORD-5584,Fashion,Apparel,Latin America,Small Business,9,118.36,0.3,745.67,9.2,3.92,7,No
ORD-5585,Office Supplies,Paper,Asia Pacific,Consumer,10,53.6,0.3,375.2,23.67,-16.43,6,No
ORD-5586,Electronics,Laptops,Latin America,Corporate,4,330.42,0.05,1255.6,33.25,44.6,3,No
ORD-5587,Fashion,Apparel,Latin America,Consumer,8,159.72,0.0,1277.76,33.6,250.22,7,No
ORD-5588,Electronics,Smartphones,Latin America,Consumer,3,808.63,0.3,1698.12,28.83,64.38,7,No
ORD-5589,Electronics,Laptops,Latin America,Corporate,4,74.67,0.15,253.88,27.39,-13.84,1,No
ORD-5590,Office Supplies,Paper,Asia Pacific,Corporate,8,70.03,0.2,448.19,6.26,-17.82,5,No
ORD-5591,Furniture,Tables,Latin America,Consumer,3,583.95,0.0,1751.85,20.63,149.89,7,No
ORD-5592,Fashion,Watches,Latin America,Corporate,7,174.94,0.0,1224.58,20.56,236.04,6,Yes
ORD-5593,Electronics,Laptops,Asia Pacific,Small Business,3,116.92,0.0,350.76,34.43,93.72,5,No
ORD-5594,Fashion,Apparel,North America,Corporate,1,73.96,0.1,66.56,6.86,14.17,9,No
ORD-5595,Furniture,Bookcases,Europe,Small Business,2,394.8,0.05,750.12,28.12,77.2,5,No
ORD-5596,Furniture,Chairs,North America,Corporate,2,458.84,0.2,734.14,37.37,-58.89,1,No
ORD-5597,Furniture,Chairs,Asia Pacific,Consumer,7,317.19,0.1,1998.3,35.55,371.18,7,No
ORD-5598,Fashion,Footwear,Europe,Small Business,10,219.06,0.05,2081.07,17.39,127.26,1,No
ORD-5599,Electronics,Headphones,Latin America,Corporate,5,701.09,0.05,3330.18,24.62,860.9,7,No
ORD-5600,Electronics,Headphones,Latin America,Consumer,9,329.79,0.3,2077.68,35.6,138.14,3,Yes
ORD-5601,Fashion,Bags,Asia Pacific,Consumer,3,77.7,0.1,209.79,35.6,13.95,2,No
ORD-5602,Office Supplies,Binders,Latin America,Small Business,1,62.18,0.2,49.74,23.47,-10.32,7,Yes
ORD-5603,Office Supplies,Storage,Latin America,Small Business,6,62.88,0.15,320.69,35.93,13.37,1,No
ORD-5604,Fashion,Apparel,North America,Corporate,4,38.76,0.2,124.03,23.55,-7.23,5,No
ORD-5605,Furniture,Sofas,North America,Consumer,2,322.81,0.1,581.06,44.15,65.5,3,No
ORD-5606,Office Supplies,Paper,Asia Pacific,Small Business,6,57.93,0.3,243.31,12.24,-40.55,3,No
ORD-5607,Fashion,Bags,Europe,Corporate,3,149.88,0.1,404.68,44.88,31.07,7,No
ORD-5608,Electronics,Accessories,Latin America,Small Business,4,163.68,0.0,654.72,39.39,161.5,6,No
ORD-5609,Fashion,Bags,Latin America,Small Business,3,105.58,0.05,300.9,13.72,49.53,9,No
ORD-5610,Electronics,Accessories,North America,Corporate,9,829.93,0.2,5975.5,44.75,458.09,4,Yes
ORD-5611,Office Supplies,Storage,Europe,Corporate,1,31.01,0.0,31.01,32.49,-2.61,3,No
ORD-5612,Fashion,Apparel,Asia Pacific,Small Business,8,121.54,0.1,875.09,36.06,59.83,6,No
ORD-5613,Electronics,Accessories,Latin America,Corporate,6,336.07,0.05,1915.6,22.45,107.46,1,No
ORD-5614,Office Supplies,Binders,Europe,Corporate,4,69.52,0.3,194.66,38.49,-22.6,4,Yes
ORD-5615,Furniture,Tables,Europe,Corporate,2,117.47,0.0,234.94,38.44,56.08,8,No
ORD-5616,Electronics,Accessories,North America,Corporate,3,89.2,0.1,240.84,11.3,52.9,6,No
ORD-5617,Office Supplies,Pens,Europe,Consumer,6,18.18,0.0,109.08,38.42,21.5,1,No
ORD-5618,Furniture,Tables,North America,Consumer,7,597.25,0.2,3344.6,36.79,-269.72,5,Yes
ORD-5619,Fashion,Watches,Latin America,Consumer,1,120.02,0.0,120.02,39.73,8.31,1,No
ORD-5620,Electronics,Accessories,Europe,Corporate,1,803.83,0.3,562.68,5.43,-87.2,4,Yes
ORD-5621,Fashion,Bags,Europe,Corporate,5,109.77,0.05,521.41,39.11,126.71,8,No
ORD-5622,Office Supplies,Pens,Latin America,Consumer,9,5.4,0.05,46.17,43.32,-15.08,7,No
ORD-5623,Office Supplies,Storage,North America,Consumer,6,51.18,0.2,245.66,37.7,1.75,2,No
ORD-5624,Furniture,Tables,Latin America,Small Business,3,595.31,0.15,1518.04,12.21,287.37,3,No
ORD-5625,Electronics,Accessories,Europe,Corporate,1,296.68,0.2,237.34,37.68,-30.25,7,No
ORD-5626,Office Supplies,Binders,Latin America,Consumer,9,53.34,0.1,432.05,44.09,50.97,5,No
ORD-5627,Office Supplies,Paper,Latin America,Small Business,1,42.92,0.2,34.34,22.39,-4.14,7,No
ORD-5628,Fashion,Apparel,Europe,Consumer,9,27.3,0.3,171.99,41.89,-18.04,3,No
ORD-5629,Electronics,Headphones,Asia Pacific,Consumer,10,68.01,0.1,612.09,26.69,140.35,4,No
ORD-5630,Furniture,Bookcases,Europe,Consumer,4,153.59,0.05,583.64,14.79,28.02,3,No
ORD-5631,Office Supplies,Storage,North America,Consumer,10,71.36,0.05,677.92,44.57,61.21,1,No
ORD-5632,Fashion,Watches,Europe,Small Business,4,194.89,0.05,740.58,12.71,56.97,4,No
ORD-5633,Furniture,Sofas,Europe,Consumer,9,74.39,0.2,535.61,34.86,21.06,4,Yes
ORD-5634,Office Supplies,Storage,North America,Consumer,10,9.31,0.1,83.79,35.05,-5.13,3,No
ORD-5635,Electronics,Laptops,Europe,Corporate,7,210.36,0.15,1251.64,23.39,139.29,5,No
ORD-5636,Electronics,Accessories,Europe,Small Business,5,591.19,0.2,2364.76,13.13,91.7,2,No
ORD-5637,Fashion,Apparel,Europe,Consumer,8,108.78,0.3,609.17,21.03,49.41,5,No
ORD-5638,Fashion,Watches,Latin America,Consumer,3,182.77,0.2,438.65,22.03,9.22,4,Yes
ORD-5639,Furniture,Bookcases,Asia Pacific,Consumer,5,92.99,0.05,441.7,33.21,11.87,4,No
ORD-5640,Office Supplies,Paper,Asia Pacific,Consumer,5,20.74,0.05,98.51,9.01,17.35,5,No
ORD-5641,Electronics,Accessories,Latin America,Small Business,8,588.43,0.1,4236.7,23.65,1104.51,6,No
ORD-5642,Office Supplies,Binders,Europe,Consumer,9,45.89,0.3,289.11,37.75,-12.31,6,No
ORD-5643,Electronics,Laptops,North America,Corporate,9,455.47,0.0,4099.23,22.26,1020.79,4,No
ORD-5644,Furniture,Tables,Latin America,Corporate,2,253.3,0.2,405.28,42.71,-31.35,8,No
ORD-5645,Fashion,Watches,North America,Small Business,6,168.22,0.1,908.39,34.41,116.33,9,No
ORD-5646,Office Supplies,Pens,Latin America,Consumer,7,64.14,0.0,448.98,34.59,54.34,8,No
ORD-5647,Furniture,Bookcases,Asia Pacific,Consumer,6,458.04,0.0,2748.24,36.43,496.01,9,No
ORD-5648,Furniture,Bookcases,North America,Consumer,9,159.01,0.3,1001.76,36.83,77.56,7,Yes
ORD-5649,Office Supplies,Pens,Europe,Small Business,7,19.15,0.1,120.64,40.23,4.95,2,No
ORD-5650,Furniture,Tables,Europe,Corporate,2,215.24,0.2,344.38,12.0,-31.29,1,No
ORD-5651,Fashion,Footwear,Latin America,Consumer,3,117.23,0.0,351.69,15.49,100.85,6,No
ORD-5652,Electronics,Headphones,Latin America,Consumer,3,97.41,0.1,263.01,30.88,-11.02,4,No
ORD-5653,Electronics,Smartphones,Europe,Consumer,6,696.19,0.2,3341.71,29.77,-157.92,5,No
ORD-5654,Furniture,Sofas,North America,Small Business,1,286.73,0.0,286.73,42.27,17.14,8,No
ORD-5655,Office Supplies,Pens,Asia Pacific,Corporate,2,74.26,0.3,103.96,21.72,-1.73,8,No
ORD-5656,Fashion,Watches,Europe,Small Business,9,185.48,0.1,1502.39,5.41,230.04,4,No
ORD-5657,Furniture,Bookcases,Latin America,Consumer,8,506.13,0.3,2834.33,10.86,-287.23,2,Yes
ORD-5658,Furniture,Sofas,North America,Consumer,10,199.85,0.3,1398.95,8.73,-62.91,3,No
ORD-5659,Fashion,Watches,Asia Pacific,Corporate,2,230.96,0.05,438.82,23.39,63.16,7,No
ORD-5660,Fashion,Bags,North America,Corporate,4,202.76,0.2,648.83,16.69,50.68,1,No
ORD-5661,Electronics,Accessories,Asia Pacific,Corporate,2,479.97,0.15,815.95,5.79,-15.89,8,No
ORD-5662,Furniture,Tables,Asia Pacific,Small Business,3,82.24,0.05,234.38,16.48,16.65,5,No
ORD-5663,Office Supplies,Paper,Latin America,Consumer,4,25.15,0.15,85.51,36.24,0.46,9,No
ORD-5664,Office Supplies,Pens,North America,Consumer,6,70.56,0.2,338.69,19.79,-14.4,3,No
ORD-5665,Office Supplies,Pens,Europe,Consumer,9,37.54,0.3,236.5,15.65,-2.41,1,No
ORD-5666,Office Supplies,Storage,Latin America,Small Business,5,18.08,0.15,76.84,34.04,-11.83,1,No
ORD-5667,Electronics,Laptops,Latin America,Small Business,2,265.19,0.15,450.82,7.0,38.66,7,No
ORD-5668,Office Supplies,Binders,Latin America,Small Business,9,24.64,0.05,210.67,23.28,21.65,7,No
ORD-5669,Fashion,Watches,Latin America,Corporate,7,216.04,0.05,1436.67,32.18,194.98,4,No
ORD-5670,Electronics,Headphones,Asia Pacific,Small Business,2,486.74,0.2,778.78,34.86,43.87,1,Yes
ORD-5671,Fashion,Footwear,North America,Consumer,9,94.31,0.0,848.79,32.9,203.66,9,No
ORD-5672,Office Supplies,Binders,Asia Pacific,Corporate,7,7.49,0.0,52.43,14.12,2.06,5,No
ORD-5673,Furniture,Tables,North America,Corporate,8,408.09,0.3,2285.3,13.44,133.35,8,No
ORD-5674,Electronics,Laptops,Europe,Small Business,3,401.74,0.15,1024.44,41.45,120.12,2,No
ORD-5675,Fashion,Bags,Asia Pacific,Consumer,9,195.98,0.3,1234.67,28.91,66.4,7,No
ORD-5676,Fashion,Footwear,Asia Pacific,Small Business,3,181.68,0.3,381.53,29.72,14.4,8,Yes
ORD-5677,Office Supplies,Storage,North America,Small Business,5,47.83,0.05,227.19,38.14,36.43,1,No
ORD-5678,Fashion,Apparel,Latin America,Small Business,8,31.69,0.15,215.49,13.24,34.9,2,No
ORD-5679,Furniture,Chairs,Latin America,Consumer,10,373.93,0.2,2991.44,38.57,-190.05,9,No
ORD-5680,Furniture,Sofas,Asia Pacific,Consumer,4,310.37,0.15,1055.26,34.5,206.7,9,No
ORD-5681,Office Supplies,Storage,Europe,Corporate,10,26.9,0.0,269.0,13.25,66.73,9,No
ORD-5682,Furniture,Chairs,Europe,Corporate,5,431.03,0.3,1508.6,29.06,-245.15,5,No
ORD-5683,Fashion,Bags,North America,Corporate,10,65.42,0.2,523.36,18.6,26.8,4,Yes
ORD-5684,Office Supplies,Binders,Asia Pacific,Consumer,9,73.43,0.3,462.61,36.03,-6.16,4,No
ORD-5685,Electronics,Accessories,North America,Corporate,8,471.72,0.0,3773.76,20.45,677.76,5,No
ORD-5686,Electronics,Headphones,North America,Consumer,7,599.42,0.1,3776.35,40.3,576.19,3,No
ORD-5687,Electronics,Headphones,North America,Consumer,8,706.25,0.0,5650.0,24.04,1871.65,3,No
ORD-5688,Office Supplies,Paper,Latin America,Consumer,4,7.33,0.3,20.52,26.58,-11.05,2,No
ORD-5689,Furniture,Sofas,Europe,Small Business,5,509.78,0.2,2039.12,18.05,350.77,1,No
ORD-5690,Office Supplies,Binders,Latin America,Small Business,5,11.66,0.15,49.55,26.59,-6.96,2,No
ORD-5691,Fashion,Apparel,Europe,Corporate,7,113.18,0.0,792.26,27.3,165.92,1,No
ORD-5692,Electronics,Accessories,North America,Small Business,3,895.07,0.15,2282.43,12.78,459.06,5,No
ORD-5693,Furniture,Bookcases,Latin America,Small Business,3,406.64,0.1,1097.93,44.93,183.75,8,No
ORD-5694,Electronics,Laptops,North America,Small Business,5,737.04,0.3,2579.64,10.7,-303.98,6,Yes
ORD-5695,Electronics,Smartphones,Europe,Consumer,8,353.24,0.0,2825.92,12.31,915.08,8,No
ORD-5696,Electronics,Laptops,Latin America,Small Business,8,40.66,0.1,292.75,14.69,19.28,5,Yes
ORD-5697,Office Supplies,Binders,Latin America,Corporate,9,61.54,0.3,387.7,26.31,-26.54,6,No
ORD-5698,Electronics,Laptops,Latin America,Small Business,5,762.74,0.2,3050.96,26.87,-156.92,8,No
ORD-5699,Office Supplies,Storage,Latin America,Corporate,3,79.93,0.05,227.8,14.23,5.78,7,No
ORD-5700,Fashion,Watches,North America,Consumer,6,155.83,0.2,747.98,37.66,120.55,3,Yes
ORD-5701,Electronics,Headphones,Europe,Small Business,9,372.78,0.05,3187.27,43.45,595.19,3,Yes
ORD-5702,Fashion,Bags,North America,Corporate,10,156.27,0.05,1484.57,12.57,192.54,3,No
ORD-5703,Furniture,Tables,Asia Pacific,Small Business,8,527.19,0.15,3584.89,27.24,294.82,8,No
ORD-5704,Furniture,Bookcases,Latin America,Consumer,5,125.57,0.1,565.06,26.01,-2.95,5,No
ORD-5705,Furniture,Chairs,Asia Pacific,Consumer,10,345.06,0.05,3278.07,44.04,644.1,3,No
ORD-5706,Fashion,Apparel,North America,Consumer,2,90.16,0.0,180.32,31.09,34.04,8,No
ORD-5707,Furniture,Chairs,Asia Pacific,Small Business,4,520.57,0.1,1874.05,34.24,271.7,4,No
ORD-5708,Electronics,Laptops,Latin America,Corporate,3,814.97,0.2,1955.93,23.8,-148.48,9,No
ORD-5709,Fashion,Watches,Europe,Small Business,3,91.79,0.0,275.37,18.18,86.85,3,Yes
ORD-5710,Furniture,Tables,Asia Pacific,Consumer,1,367.92,0.15,312.73,44.73,5.75,2,No
ORD-5711,Office Supplies,Pens,Europe,Small Business,9,74.09,0.0,666.81,30.96,195.31,7,No
ORD-5712,Electronics,Smartphones,Latin America,Small Business,6,251.56,0.0,1509.36,22.94,278.04,2,No
ORD-5713,Fashion,Watches,Latin America,Consumer,5,216.15,0.0,1080.75,17.38,311.61,5,No
ORD-5714,Electronics,Laptops,Asia Pacific,Consumer,2,604.72,0.15,1028.02,31.42,33.95,7,No
ORD-5715,Electronics,Accessories,Latin America,Corporate,4,592.43,0.0,2369.72,24.85,800.7,1,No
ORD-5716,Electronics,Laptops,North America,Consumer,6,756.66,0.3,3177.97,38.43,-11.06,2,No
ORD-5717,Furniture,Tables,Latin America,Consumer,4,221.07,0.05,840.07,37.41,211.84,5,No
ORD-5718,Fashion,Watches,North America,Corporate,8,122.03,0.15,829.8,34.99,72.57,3,No
ORD-5719,Office Supplies,Paper,North America,Small Business,8,36.02,0.0,288.16,36.1,55.94,8,No
ORD-5720,Office Supplies,Paper,Latin America,Small Business,4,77.08,0.05,292.9,39.56,42.8,2,No
ORD-5721,Fashion,Footwear,Asia Pacific,Consumer,10,208.14,0.2,1665.12,36.79,80.86,6,No
ORD-5722,Electronics,Headphones,Latin America,Corporate,5,657.75,0.2,2631.0,20.7,41.05,2,Yes
ORD-5723,Fashion,Bags,North America,Consumer,5,27.54,0.05,130.81,40.69,17.25,5,No
ORD-5724,Office Supplies,Paper,Asia Pacific,Consumer,4,50.32,0.3,140.9,26.84,-26.5,9,Yes
ORD-5725,Furniture,Sofas,Latin America,Consumer,1,188.82,0.1,169.94,41.61,8.32,7,No
ORD-5726,Office Supplies,Paper,Latin America,Small Business,9,5.93,0.15,45.36,17.87,-1.52,6,No
ORD-5727,Fashion,Watches,Latin America,Small Business,10,71.5,0.05,679.25,33.89,76.44,7,No
ORD-5728,Electronics,Laptops,Latin America,Corporate,5,771.0,0.2,3084.0,41.32,486.17,7,No
ORD-5729,Fashion,Apparel,Europe,Consumer,2,159.88,0.2,255.81,8.71,34.01,5,Yes
ORD-5730,Furniture,Tables,Latin America,Corporate,2,111.97,0.2,179.15,16.03,-4.37,1,No
ORD-5731,Furniture,Tables,North America,Consumer,10,414.35,0.0,4143.5,16.81,833.59,3,No
ORD-5732,Office Supplies,Binders,Latin America,Small Business,1,40.7,0.1,36.63,19.53,-5.06,8,No
ORD-5733,Electronics,Laptops,Europe,Consumer,8,685.61,0.1,4936.39,20.62,89.62,6,No
ORD-5734,Office Supplies,Pens,Latin America,Corporate,7,14.92,0.15,88.77,12.19,-0.6,7,No
ORD-5735,Office Supplies,Binders,North America,Consumer,7,10.53,0.2,58.97,17.05,-9.47,8,No
ORD-5736,Electronics,Laptops,Latin America,Small Business,7,81.64,0.0,571.48,20.73,43.83,7,No
ORD-5737,Electronics,Headphones,North America,Consumer,9,802.91,0.0,7226.19,30.88,1402.63,1,No
ORD-5738,Electronics,Smartphones,Europe,Small Business,1,549.43,0.05,521.96,7.35,122.34,1,No
ORD-5739,Furniture,Chairs,Asia Pacific,Corporate,3,431.82,0.15,1101.14,35.28,110.84,6,No
ORD-5740,Electronics,Laptops,Latin America,Consumer,1,576.02,0.2,460.82,22.22,-29.2,8,No
ORD-5741,Fashion,Watches,Asia Pacific,Corporate,5,245.83,0.2,983.32,43.07,-84.25,5,No
ORD-5742,Office Supplies,Storage,Asia Pacific,Consumer,9,11.79,0.2,84.89,5.65,3.81,9,No
ORD-5743,Office Supplies,Binders,Asia Pacific,Corporate,6,34.86,0.15,177.79,11.28,-3.57,6,No
ORD-5744,Fashion,Bags,North America,Corporate,7,110.47,0.05,734.63,43.78,92.88,7,No
ORD-5745,Office Supplies,Pens,North America,Corporate,1,27.22,0.3,19.05,11.17,-5.35,7,Yes
ORD-5746,Furniture,Bookcases,North America,Corporate,9,257.19,0.0,2314.71,19.98,301.58,1,Yes
ORD-5747,Furniture,Chairs,Latin America,Corporate,2,230.66,0.0,461.32,18.87,84.17,1,No
ORD-5748,Furniture,Bookcases,Asia Pacific,Consumer,4,192.46,0.1,692.86,17.3,99.18,1,No
ORD-5749,Office Supplies,Storage,Europe,Consumer,6,57.08,0.15,291.11,28.34,2.12,8,No
ORD-5750,Electronics,Accessories,Latin America,Small Business,5,768.95,0.15,3268.04,28.23,237.13,7,No
ORD-5751,Furniture,Tables,Asia Pacific,Small Business,10,327.24,0.3,2290.68,31.82,-94.73,9,No
ORD-5752,Fashion,Apparel,Europe,Consumer,8,215.7,0.3,1207.92,8.55,-110.14,1,No
ORD-5753,Furniture,Tables,North America,Small Business,6,293.54,0.05,1673.18,13.68,445.59,3,No
ORD-5754,Fashion,Footwear,Europe,Consumer,10,249.62,0.15,2121.77,16.56,-68.63,9,No
ORD-5755,Office Supplies,Binders,Europe,Corporate,8,33.2,0.2,212.48,31.11,-14.62,8,No
ORD-5756,Furniture,Tables,Asia Pacific,Small Business,3,85.24,0.05,242.93,32.44,-1.84,2,No
ORD-5757,Electronics,Smartphones,Latin America,Small Business,4,236.04,0.05,896.95,25.65,96.66,4,No
ORD-5758,Fashion,Apparel,Europe,Small Business,1,204.93,0.15,174.19,18.26,0.83,2,No
ORD-5759,Office Supplies,Storage,Europe,Corporate,1,73.61,0.15,62.57,17.94,-0.08,2,No
ORD-5760,Furniture,Chairs,North America,Consumer,7,485.85,0.05,3230.9,13.54,258.79,7,No
ORD-5761,Furniture,Tables,Latin America,Corporate,8,312.11,0.05,2372.04,42.57,343.11,9,No
ORD-5762,Electronics,Accessories,Latin America,Corporate,8,64.32,0.15,437.38,5.14,46.4,1,No
ORD-5763,Electronics,Headphones,Asia Pacific,Consumer,10,472.94,0.1,4256.46,10.41,326.43,1,No
ORD-5764,Office Supplies,Paper,Europe,Corporate,5,6.39,0.3,22.36,39.74,-16.62,6,No
ORD-5765,Fashion,Footwear,Asia Pacific,Small Business,1,214.42,0.15,182.26,38.22,-21.9,1,No
ORD-5766,Fashion,Footwear,Asia Pacific,Small Business,7,223.68,0.1,1409.18,42.83,260.21,5,No
ORD-5767,Office Supplies,Storage,Latin America,Small Business,10,20.66,0.2,165.28,42.01,13.75,8,No
ORD-5768,Office Supplies,Paper,Asia Pacific,Small Business,9,37.04,0.2,266.69,34.6,28.82,6,Yes
ORD-5769,Office Supplies,Binders,Europe,Corporate,7,27.24,0.05,181.15,10.27,14.02,5,No
ORD-5770,Electronics,Laptops,North America,Consumer,9,543.72,0.2,3914.78,37.22,-249.19,2,No
ORD-5771,Office Supplies,Binders,Asia Pacific,Consumer,1,57.49,0.05,54.62,32.4,-4.33,3,No
ORD-5772,Furniture,Bookcases,Latin America,Corporate,3,506.42,0.3,1063.48,11.46,-60.55,8,No
ORD-5773,Electronics,Laptops,Europe,Consumer,8,492.24,0.2,3150.34,30.96,-215.24,9,No
ORD-5774,Fashion,Apparel,Latin America,Small Business,2,247.18,0.05,469.64,32.92,38.01,6,No
ORD-5775,Fashion,Watches,Latin America,Consumer,6,140.95,0.3,591.99,22.75,-60.77,7,Yes
ORD-5776,Furniture,Chairs,Latin America,Consumer,4,273.28,0.0,1093.12,7.03,244.9,3,No
ORD-5777,Fashion,Bags,Europe,Consumer,2,119.21,0.1,214.58,41.03,26.02,9,No
ORD-5778,Office Supplies,Storage,Latin America,Small Business,9,76.03,0.1,615.84,18.11,118.9,8,No
ORD-5779,Furniture,Bookcases,Latin America,Corporate,5,63.09,0.0,315.45,20.46,55.07,9,No
ORD-5780,Fashion,Footwear,Asia Pacific,Small Business,1,105.42,0.15,89.61,20.3,-5.53,2,No
ORD-5781,Office Supplies,Storage,Asia Pacific,Consumer,9,49.15,0.15,376.0,42.32,-31.47,4,No
ORD-5782,Fashion,Bags,North America,Small Business,4,213.21,0.15,724.91,39.69,98.04,8,Yes
ORD-5783,Furniture,Sofas,Europe,Consumer,10,221.08,0.1,1989.72,11.16,109.51,7,Yes
ORD-5784,Electronics,Headphones,North America,Small Business,10,672.86,0.05,6392.17,6.22,1303.77,5,No
ORD-5785,Furniture,Bookcases,North America,Small Business,7,404.5,0.2,2265.2,24.03,105.67,8,Yes
ORD-5786,Office Supplies,Storage,Europe,Small Business,5,13.21,0.1,59.45,20.57,-3.89,1,No
ORD-5787,Electronics,Accessories,Europe,Corporate,7,686.54,0.15,4084.91,16.97,391.69,1,No
ORD-5788,Fashion,Footwear,Asia Pacific,Small Business,1,224.86,0.2,179.89,38.14,7.33,1,Yes
ORD-5789,Fashion,Apparel,Europe,Small Business,10,81.47,0.05,773.97,31.03,187.55,1,No
ORD-5790,Electronics,Headphones,Europe,Corporate,9,281.12,0.0,2530.08,23.75,769.72,3,Yes
ORD-5791,Electronics,Accessories,Latin America,Corporate,5,498.03,0.15,2116.63,19.5,116.3,2,No
ORD-5792,Electronics,Accessories,Asia Pacific,Small Business,9,660.61,0.05,5648.22,5.15,1019.9,3,No
ORD-5793,Office Supplies,Pens,Asia Pacific,Consumer,10,36.52,0.05,346.94,30.87,22.12,7,Yes
ORD-5794,Office Supplies,Pens,Asia Pacific,Consumer,8,36.5,0.15,248.2,16.7,17.99,2,No
ORD-5795,Fashion,Footwear,North America,Corporate,7,65.9,0.2,369.04,13.55,61.37,2,No
ORD-5796,Electronics,Accessories,Europe,Corporate,3,802.26,0.1,2166.1,37.87,314.19,7,No
ORD-5797,Electronics,Accessories,Europe,Consumer,3,435.74,0.05,1241.86,13.8,203.01,8,No
ORD-5798,Electronics,Laptops,Europe,Consumer,8,624.21,0.2,3994.94,7.26,441.64,7,No
ORD-5799,Fashion,Apparel,Asia Pacific,Corporate,8,155.71,0.3,871.98,15.38,1.98,8,No
ORD-5800,Furniture,Chairs,North America,Corporate,4,309.9,0.0,1239.6,19.11,113.21,8,No
ORD-5801,Office Supplies,Storage,Latin America,Consumer,7,67.01,0.05,445.62,25.22,73.97,8,No
ORD-5802,Electronics,Laptops,North America,Small Business,8,382.79,0.05,2909.2,14.51,424.09,2,No
ORD-5803,Electronics,Headphones,North America,Small Business,9,125.8,0.2,905.76,30.88,47.25,7,No
ORD-5804,Electronics,Laptops,North America,Small Business,8,46.06,0.15,313.21,20.52,43.57,1,No
ORD-5805,Electronics,Accessories,Europe,Consumer,8,710.23,0.2,4545.47,27.19,101.21,4,Yes
ORD-5806,Fashion,Watches,Latin America,Consumer,4,185.62,0.0,742.48,21.83,116.4,9,No
ORD-5807,Furniture,Tables,Asia Pacific,Corporate,8,67.17,0.15,456.76,22.69,63.88,3,No
ORD-5808,Furniture,Chairs,Asia Pacific,Corporate,6,401.35,0.3,1685.67,38.77,-140.35,1,No
ORD-5809,Fashion,Footwear,Asia Pacific,Small Business,5,84.27,0.1,379.21,19.71,44.24,4,No
ORD-5810,Electronics,Headphones,North America,Corporate,8,857.84,0.3,4803.9,41.79,-652.52,3,No
ORD-5811,Office Supplies,Paper,Europe,Corporate,9,79.29,0.0,713.61,17.97,194.42,9,No
ORD-5812,Electronics,Accessories,Latin America,Small Business,8,502.45,0.05,3818.62,14.28,1150.76,5,No
ORD-5813,Office Supplies,Storage,Latin America,Corporate,10,65.77,0.0,657.7,41.6,211.72,7,No
ORD-5814,Fashion,Watches,North America,Consumer,7,74.03,0.05,492.3,29.53,71.65,8,No
ORD-5815,Furniture,Chairs,Asia Pacific,Small Business,8,257.67,0.3,1442.95,41.68,-13.23,3,No
ORD-5816,Fashion,Footwear,North America,Consumer,10,211.72,0.1,1905.48,27.37,463.28,5,No
ORD-5817,Furniture,Tables,Europe,Corporate,2,262.99,0.3,368.19,19.91,-12.2,5,No
ORD-5818,Fashion,Apparel,Latin America,Consumer,5,90.62,0.15,385.13,38.86,42.78,7,No
ORD-5819,Electronics,Headphones,Asia Pacific,Small Business,5,599.26,0.3,2097.41,24.48,74.09,2,No
ORD-5820,Office Supplies,Paper,Europe,Consumer,2,43.52,0.0,87.04,21.18,11.46,5,No
ORD-5821,Electronics,Laptops,Asia Pacific,Corporate,8,372.48,0.0,2979.84,33.21,430.38,9,No
ORD-5822,Fashion,Bags,Asia Pacific,Consumer,3,158.09,0.3,331.99,39.38,-20.82,5,No
ORD-5823,Furniture,Chairs,Europe,Corporate,6,583.39,0.3,2450.24,6.18,85.79,7,No
ORD-5824,Furniture,Sofas,Latin America,Corporate,8,126.48,0.3,708.29,20.1,-41.91,7,Yes
ORD-5825,Office Supplies,Pens,Europe,Corporate,3,65.85,0.0,197.55,10.38,56.94,3,No
ORD-5826,Furniture,Bookcases,North America,Consumer,4,451.61,0.15,1535.47,27.15,297.15,8,No
ORD-5827,Electronics,Smartphones,Latin America,Corporate,10,102.06,0.05,969.57,30.43,98.88,7,No
ORD-5828,Office Supplies,Paper,Europe,Consumer,4,63.26,0.1,227.74,7.51,15.69,7,No
ORD-5829,Fashion,Watches,Europe,Corporate,1,49.76,0.15,42.3,14.85,0.95,7,No
ORD-5830,Office Supplies,Pens,Asia Pacific,Corporate,10,61.85,0.3,432.95,12.31,5.91,7,No
ORD-5831,Electronics,Headphones,North America,Consumer,4,837.47,0.2,2679.9,17.94,482.33,6,No
ORD-5832,Furniture,Bookcases,Asia Pacific,Small Business,5,532.5,0.15,2263.12,24.24,10.11,9,No
ORD-5833,Electronics,Headphones,Latin America,Consumer,4,96.85,0.1,348.66,16.04,62.42,2,No
ORD-5834,Fashion,Watches,Europe,Consumer,6,45.88,0.1,247.75,32.87,26.21,9,No
ORD-5835,Office Supplies,Binders,North America,Consumer,1,26.71,0.2,21.37,17.89,-7.46,8,No
ORD-5836,Furniture,Chairs,Asia Pacific,Small Business,1,92.28,0.3,64.6,32.87,-15.1,4,Yes
ORD-5837,Furniture,Chairs,Asia Pacific,Consumer,2,195.09,0.15,331.65,24.26,13.97,2,No
ORD-5838,Electronics,Accessories,North America,Small Business,8,123.69,0.2,791.62,31.86,58.77,6,No
ORD-5839,Fashion,Apparel,Latin America,Small Business,9,171.63,0.0,1544.67,10.71,297.71,4,No
ORD-5840,Electronics,Headphones,Asia Pacific,Consumer,4,50.52,0.0,202.08,7.11,23.97,3,No
ORD-5841,Fashion,Watches,Asia Pacific,Small Business,1,176.94,0.05,168.09,11.73,35.66,2,No
ORD-5842,Furniture,Chairs,Latin America,Corporate,8,79.8,0.1,574.56,8.02,46.4,3,Yes
ORD-5843,Fashion,Bags,Europe,Consumer,9,56.65,0.05,484.36,39.12,40.07,1,No
ORD-5844,Furniture,Tables,Europe,Small Business,3,85.48,0.15,217.97,10.59,-11.33,1,No
ORD-5845,Electronics,Laptops,Asia Pacific,Small Business,5,219.81,0.2,879.24,9.04,-19.87,3,No
ORD-5846,Electronics,Laptops,Europe,Consumer,10,258.58,0.15,2197.93,32.17,96.98,4,No
ORD-5847,Fashion,Watches,Asia Pacific,Small Business,8,121.34,0.0,970.72,11.93,225.86,7,No
ORD-5848,Office Supplies,Binders,North America,Small Business,10,76.31,0.05,724.94,22.49,108.83,8,No
ORD-5849,Furniture,Bookcases,Asia Pacific,Consumer,10,314.82,0.05,2990.79,19.25,786.08,2,No
ORD-5850,Furniture,Sofas,Latin America,Corporate,6,363.87,0.0,2183.22,15.7,618.75,7,No
ORD-5851,Office Supplies,Binders,North America,Small Business,7,36.24,0.0,253.68,15.66,67.64,6,No
ORD-5852,Fashion,Watches,Europe,Corporate,8,199.93,0.1,1439.5,41.95,136.28,6,No
ORD-5853,Office Supplies,Binders,Latin America,Consumer,10,46.36,0.1,417.24,34.92,3.39,4,No
ORD-5854,Fashion,Bags,Europe,Corporate,2,101.22,0.0,202.44,11.27,36.7,7,No
ORD-5855,Furniture,Bookcases,Asia Pacific,Consumer,5,281.85,0.1,1268.33,25.01,136.96,1,No
ORD-5856,Electronics,Accessories,Europe,Corporate,10,444.53,0.3,3111.71,14.45,7.52,9,Yes
ORD-5857,Electronics,Headphones,Europe,Small Business,9,111.64,0.15,854.05,40.88,68.3,4,No
ORD-5858,Electronics,Smartphones,Europe,Consumer,8,733.51,0.15,4987.87,10.23,-124.24,3,No
ORD-5859,Electronics,Smartphones,Asia Pacific,Small Business,10,404.31,0.15,3436.63,43.36,683.85,1,No
ORD-5860,Furniture,Sofas,Asia Pacific,Small Business,4,123.63,0.0,494.52,44.16,75.07,4,No
ORD-5861,Office Supplies,Pens,Latin America,Consumer,6,53.18,0.05,303.13,34.95,79.29,3,No
ORD-5862,Office Supplies,Storage,Latin America,Consumer,4,49.84,0.15,169.46,10.55,31.59,5,Yes
ORD-5863,Fashion,Watches,North America,Small Business,2,65.84,0.15,111.93,33.1,-6.13,5,No
ORD-5864,Electronics,Accessories,Latin America,Small Business,1,394.06,0.2,315.25,13.97,-2.84,2,Yes
ORD-5865,Fashion,Apparel,Europe,Corporate,10,31.2,0.15,265.2,36.04,-7.35,5,No
ORD-5866,Electronics,Smartphones,Europe,Consumer,4,274.07,0.1,986.65,13.62,239.01,7,No
ORD-5867,Furniture,Bookcases,North America,Corporate,1,505.78,0.2,404.62,36.89,-18.14,1,No
ORD-5868,Fashion,Footwear,North America,Consumer,5,229.46,0.0,1147.3,9.15,91.35,5,No
ORD-5869,Electronics,Smartphones,North America,Corporate,3,808.52,0.0,2425.56,11.02,557.57,7,No
ORD-5870,Electronics,Accessories,North America,Small Business,2,793.51,0.2,1269.62,6.58,-4.11,2,No
ORD-5871,Office Supplies,Storage,Asia Pacific,Small Business,5,71.61,0.0,358.05,13.38,42.38,7,Yes
ORD-5872,Fashion,Apparel,Latin America,Small Business,2,71.22,0.2,113.95,20.29,-14.78,8,Yes
ORD-5873,Electronics,Accessories,North America,Consumer,3,713.11,0.0,2139.33,28.32,338.56,1,No
ORD-5874,Office Supplies,Pens,North America,Consumer,9,46.67,0.3,294.02,8.53,-43.15,3,No
ORD-5875,Office Supplies,Storage,Europe,Corporate,2,62.95,0.2,100.72,13.53,-1.61,9,No
ORD-5876,Fashion,Footwear,North America,Consumer,9,202.44,0.0,1821.96,6.5,456.59,5,No
ORD-5877,Electronics,Accessories,North America,Small Business,5,185.61,0.3,649.63,11.07,-47.27,1,Yes
ORD-5878,Furniture,Chairs,Asia Pacific,Consumer,6,87.76,0.2,421.25,31.54,63.53,3,No
ORD-5879,Office Supplies,Storage,Asia Pacific,Consumer,6,18.16,0.3,76.27,24.87,-15.73,2,Yes
ORD-5880,Office Supplies,Storage,Latin America,Small Business,2,75.07,0.15,127.62,28.35,4.13,5,No
ORD-5881,Office Supplies,Pens,Latin America,Small Business,5,43.0,0.2,172.0,13.84,-16.59,6,Yes
ORD-5882,Office Supplies,Pens,Latin America,Corporate,7,20.62,0.1,129.91,36.13,-4.06,3,No
ORD-5883,Furniture,Sofas,North America,Corporate,3,270.45,0.05,770.78,35.42,91.92,6,Yes
ORD-5884,Fashion,Apparel,Latin America,Consumer,1,43.68,0.3,30.58,41.84,-20.71,4,Yes
ORD-5885,Fashion,Bags,Europe,Corporate,1,202.18,0.2,161.74,22.8,13.23,1,Yes
ORD-5886,Fashion,Bags,North America,Small Business,5,247.36,0.0,1236.8,24.43,268.26,1,No
ORD-5887,Furniture,Tables,North America,Consumer,6,529.9,0.3,2225.58,11.45,-222.84,9,Yes
ORD-5888,Furniture,Tables,Asia Pacific,Consumer,9,209.97,0.1,1700.76,39.65,225.69,6,No
ORD-5889,Office Supplies,Paper,North America,Corporate,2,7.93,0.2,12.69,15.72,-5.23,2,Yes
ORD-5890,Electronics,Smartphones,Europe,Corporate,1,750.4,0.1,675.36,12.77,171.25,8,No
ORD-5891,Furniture,Tables,North America,Corporate,5,123.54,0.3,432.39,42.44,-44.2,8,Yes
ORD-5892,Fashion,Footwear,North America,Consumer,9,28.87,0.0,259.83,5.95,39.46,5,No
ORD-5893,Office Supplies,Binders,Asia Pacific,Consumer,10,29.97,0.05,284.71,36.47,36.05,2,No
ORD-5894,Office Supplies,Storage,Latin America,Small Business,7,64.99,0.1,409.44,34.31,55.79,9,Yes
ORD-5895,Electronics,Laptops,North America,Corporate,4,690.17,0.15,2346.58,44.25,242.76,1,No
ORD-5896,Furniture,Sofas,North America,Small Business,3,112.57,0.3,236.4,29.82,8.01,8,No
ORD-5897,Furniture,Sofas,North America,Corporate,6,358.38,0.1,1935.25,41.6,393.14,5,No
ORD-5898,Electronics,Headphones,Europe,Small Business,1,757.34,0.2,605.87,43.59,26.76,1,No
ORD-5899,Furniture,Sofas,North America,Corporate,2,453.06,0.15,770.2,18.26,57.48,4,No
ORD-5900,Office Supplies,Storage,Latin America,Consumer,2,34.93,0.05,66.37,22.77,-4.78,4,No
ORD-5901,Electronics,Headphones,North America,Consumer,6,229.16,0.0,1374.96,25.48,171.99,7,No
ORD-5902,Furniture,Sofas,Asia Pacific,Corporate,5,308.31,0.15,1310.32,39.39,-4.36,1,No
ORD-5903,Furniture,Tables,Europe,Corporate,3,174.8,0.2,419.52,5.19,-32.02,2,No
ORD-5904,Electronics,Headphones,Asia Pacific,Consumer,7,556.3,0.1,3504.69,26.38,287.83,5,No
ORD-5905,Electronics,Accessories,Europe,Corporate,10,735.73,0.0,7357.3,11.49,910.85,8,Yes
ORD-5906,Furniture,Tables,Europe,Small Business,6,424.85,0.1,2294.19,19.35,568.9,2,No
ORD-5907,Furniture,Sofas,Europe,Consumer,5,70.94,0.05,336.96,29.2,37.49,2,No
ORD-5908,Electronics,Accessories,Asia Pacific,Consumer,10,159.4,0.05,1514.3,6.06,93.72,8,No
ORD-5909,Furniture,Chairs,Asia Pacific,Small Business,4,378.78,0.15,1287.85,20.3,13.36,1,No
ORD-5910,Furniture,Bookcases,North America,Consumer,2,513.06,0.2,820.9,11.28,-60.18,9,No
ORD-5911,Electronics,Laptops,Europe,Consumer,7,121.89,0.2,682.58,6.95,48.85,4,Yes
ORD-5912,Furniture,Sofas,Latin America,Consumer,10,93.37,0.0,933.7,30.85,108.69,6,No
ORD-5913,Fashion,Footwear,Europe,Corporate,7,186.0,0.3,911.4,16.23,-31.19,9,No
ORD-5914,Office Supplies,Paper,Latin America,Small Business,10,65.89,0.05,625.95,14.08,67.68,6,No
ORD-5915,Furniture,Tables,Europe,Consumer,7,411.48,0.15,2448.31,23.62,409.45,2,No
ORD-5916,Fashion,Watches,Latin America,Small Business,5,213.52,0.15,907.46,5.51,142.83,5,No
ORD-5917,Office Supplies,Binders,North America,Consumer,8,78.05,0.15,530.74,43.77,63.22,6,Yes
ORD-5918,Furniture,Sofas,Latin America,Consumer,3,74.31,0.2,178.34,11.4,-14.66,6,Yes
ORD-5919,Electronics,Smartphones,Europe,Consumer,4,99.55,0.0,398.2,20.63,90.91,8,Yes
ORD-5920,Fashion,Bags,Europe,Corporate,4,55.48,0.05,210.82,32.36,2.5,6,No
ORD-5921,Electronics,Laptops,Latin America,Small Business,9,659.6,0.3,4155.48,25.51,-210.49,8,Yes
ORD-5922,Office Supplies,Binders,Asia Pacific,Consumer,1,8.0,0.3,5.6,14.79,-5.56,4,No
ORD-5923,Furniture,Tables,North America,Consumer,3,200.21,0.1,540.57,28.98,79.83,7,No
ORD-5924,Furniture,Tables,Latin America,Small Business,5,115.77,0.3,405.19,27.15,11.99,8,No
ORD-5925,Office Supplies,Binders,Europe,Consumer,2,12.38,0.1,22.28,31.69,-12.49,7,No
ORD-5926,Furniture,Sofas,Latin America,Corporate,3,292.78,0.05,834.42,39.86,100.52,3,No
ORD-5927,Office Supplies,Storage,Asia Pacific,Consumer,4,41.68,0.1,150.05,31.91,-0.04,7,No
ORD-5928,Fashion,Watches,Latin America,Small Business,5,157.45,0.05,747.89,11.59,189.68,5,No
ORD-5929,Electronics,Smartphones,Asia Pacific,Corporate,3,310.82,0.15,792.59,28.14,164.77,7,No
ORD-5930,Office Supplies,Paper,Europe,Small Business,1,69.98,0.05,66.48,35.03,4.37,8,No
ORD-5931,Furniture,Bookcases,North America,Small Business,8,375.53,0.05,2854.03,15.3,784.11,3,Yes
ORD-5932,Electronics,Headphones,Latin America,Small Business,6,814.89,0.05,4644.87,10.89,427.1,8,No
ORD-5933,Electronics,Headphones,Asia Pacific,Corporate,10,438.73,0.05,4167.94,19.94,1131.06,5,No
ORD-5934,Electronics,Accessories,North America,Consumer,4,598.77,0.2,1916.06,10.36,-6.05,9,No
ORD-5935,Furniture,Tables,Europe,Corporate,3,434.44,0.2,1042.66,32.95,-20.66,2,No
ORD-5936,Fashion,Bags,North America,Corporate,4,116.57,0.05,442.97,31.84,106.49,9,No
ORD-5937,Electronics,Smartphones,North America,Consumer,3,63.28,0.0,189.84,40.65,35.83,9,No
ORD-5938,Office Supplies,Binders,Latin America,Corporate,9,20.27,0.05,173.31,21.91,19.29,7,Yes
ORD-5939,Furniture,Sofas,Latin America,Small Business,2,436.55,0.15,742.13,5.35,35.41,5,No
ORD-5940,Office Supplies,Pens,Europe,Consumer,9,78.9,0.15,603.59,16.2,85.93,1,No
ORD-5941,Furniture,Tables,Asia Pacific,Small Business,6,472.34,0.0,2834.04,41.32,922.23,6,Yes
ORD-5942,Electronics,Smartphones,North America,Corporate,5,376.69,0.15,1600.93,18.8,317.31,1,No
ORD-5943,Electronics,Laptops,North America,Corporate,5,588.73,0.0,2943.65,16.27,445.12,2,No
ORD-5944,Fashion,Watches,North America,Small Business,4,212.57,0.05,807.77,25.9,164.7,5,No
ORD-5945,Furniture,Sofas,Asia Pacific,Corporate,6,250.22,0.0,1501.32,12.88,368.08,1,No
ORD-5946,Fashion,Watches,Latin America,Corporate,8,49.75,0.15,338.3,26.96,-21.02,1,No
ORD-5947,Fashion,Apparel,Latin America,Small Business,9,181.13,0.3,1141.12,33.13,-46.79,2,No
ORD-5948,Fashion,Bags,Latin America,Consumer,2,152.97,0.15,260.05,38.06,1.43,6,No
ORD-5949,Furniture,Tables,Europe,Corporate,2,317.3,0.0,634.6,33.78,185.44,6,No
ORD-5950,Furniture,Bookcases,Europe,Corporate,6,407.56,0.0,2445.36,28.52,462.83,8,No
ORD-5951,Office Supplies,Binders,Asia Pacific,Consumer,4,48.39,0.2,154.85,35.82,-5.43,5,Yes
ORD-5952,Fashion,Footwear,North America,Corporate,8,100.41,0.0,803.28,7.66,132.83,5,No
ORD-5953,Fashion,Bags,Europe,Consumer,4,26.45,0.2,84.64,18.64,-10.63,8,Yes
ORD-5954,Fashion,Bags,Europe,Corporate,6,40.67,0.1,219.62,37.44,27.13,3,No
ORD-5955,Office Supplies,Storage,Latin America,Consumer,4,5.33,0.2,17.06,23.68,-9.96,1,No
ORD-5956,Fashion,Footwear,North America,Small Business,8,197.24,0.05,1499.02,27.22,338.47,3,No
ORD-5957,Fashion,Bags,Latin America,Small Business,2,52.2,0.2,83.52,16.7,-6.17,8,No
ORD-5958,Furniture,Chairs,North America,Consumer,8,550.0,0.05,4180.0,7.93,1097.7,5,No
ORD-5959,Office Supplies,Storage,Latin America,Consumer,1,31.16,0.3,21.81,24.34,-8.39,8,No
ORD-5960,Fashion,Apparel,Latin America,Consumer,7,107.07,0.2,599.59,22.38,68.04,7,No
ORD-5961,Electronics,Accessories,Europe,Consumer,5,709.92,0.0,3549.6,5.7,965.4,3,No
ORD-5962,Office Supplies,Binders,Latin America,Small Business,6,19.72,0.15,100.57,29.97,9.98,3,No
ORD-5963,Electronics,Smartphones,Asia Pacific,Consumer,10,644.94,0.15,5481.99,5.85,804.53,8,No
ORD-5964,Fashion,Apparel,North America,Corporate,8,202.43,0.2,1295.55,9.57,210.1,6,Yes
ORD-5965,Electronics,Smartphones,North America,Corporate,3,400.39,0.0,1201.17,25.16,129.67,6,No
ORD-5966,Furniture,Bookcases,Latin America,Corporate,10,306.09,0.2,2448.72,41.74,-78.18,6,No
ORD-5967,Furniture,Bookcases,Latin America,Consumer,10,160.92,0.1,1448.28,27.82,173.44,2,No
ORD-5968,Fashion,Footwear,Latin America,Small Business,7,216.94,0.3,1063.01,38.27,47.75,1,No
ORD-5969,Fashion,Footwear,Latin America,Corporate,6,57.91,0.2,277.97,10.68,2.97,6,No
ORD-5970,Furniture,Sofas,Europe,Corporate,1,81.27,0.0,81.27,32.57,9.59,3,Yes
ORD-5971,Fashion,Apparel,North America,Corporate,7,202.73,0.1,1277.2,8.44,4.93,6,No
ORD-5972,Furniture,Sofas,North America,Corporate,4,454.0,0.3,1271.2,32.84,-148.52,4,No
ORD-5973,Furniture,Sofas,Europe,Consumer,2,549.82,0.0,1099.64,33.9,249.39,9,No
ORD-5974,Furniture,Chairs,Latin America,Small Business,2,452.64,0.1,814.75,39.14,101.31,1,No
ORD-5975,Furniture,Bookcases,Asia Pacific,Consumer,6,353.63,0.2,1697.42,35.24,136.55,1,No
ORD-5976,Office Supplies,Binders,Latin America,Corporate,7,11.64,0.15,69.26,20.76,-1.09,1,No
ORD-5977,Electronics,Laptops,Europe,Small Business,7,487.13,0.1,3068.92,39.12,701.28,5,No
ORD-5978,Office Supplies,Pens,North America,Corporate,4,10.52,0.0,42.08,6.45,4.75,9,No
ORD-5979,Furniture,Chairs,Latin America,Corporate,4,386.52,0.2,1236.86,25.15,217.84,2,No
ORD-5980,Office Supplies,Binders,Latin America,Small Business,4,40.58,0.15,137.97,34.34,-5.99,1,No
ORD-5981,Electronics,Accessories,Latin America,Corporate,8,633.47,0.0,5067.76,25.36,1050.3,3,No
ORD-5982,Furniture,Sofas,Europe,Corporate,9,344.02,0.3,2167.33,31.67,-345.06,7,No
ORD-5983,Furniture,Sofas,Latin America,Consumer,10,145.81,0.15,1239.38,22.29,90.04,9,Yes
ORD-5984,Furniture,Sofas,Latin America,Consumer,7,594.34,0.1,3744.34,11.76,551.63,9,No
ORD-5985,Electronics,Accessories,Asia Pacific,Small Business,10,247.98,0.1,2231.82,27.62,52.93,6,No
ORD-5986,Fashion,Bags,Latin America,Consumer,7,97.61,0.2,546.62,38.44,-3.0,1,No
ORD-5987,Office Supplies,Paper,Asia Pacific,Consumer,2,73.88,0.1,132.98,9.99,11.83,7,No
ORD-5988,Furniture,Chairs,Europe,Small Business,6,528.4,0.1,2853.36,37.06,396.87,8,No
ORD-5989,Electronics,Headphones,Latin America,Consumer,1,790.81,0.1,711.73,35.95,-13.54,3,No
ORD-5990,Furniture,Sofas,Latin America,Corporate,8,595.91,0.3,3337.1,14.32,-524.65,3,Yes
ORD-5991,Electronics,Laptops,Asia Pacific,Small Business,1,94.87,0.2,75.9,20.66,-1.52,8,No
ORD-5992,Electronics,Accessories,Asia Pacific,Consumer,3,179.36,0.05,511.18,21.32,41.02,2,No
ORD-5993,Electronics,Accessories,Europe,Consumer,1,712.91,0.15,605.97,30.56,-33.22,3,No
ORD-5994,Furniture,Sofas,Latin America,Consumer,5,438.94,0.2,1755.76,23.05,-36.28,5,No
ORD-5995,Office Supplies,Pens,North America,Small Business,5,27.88,0.3,97.58,43.44,-23.31,7,No
ORD-5996,Office Supplies,Paper,Latin America,Small Business,8,64.17,0.1,462.02,30.84,19.24,6,No
ORD-5997,Office Supplies,Paper,Asia Pacific,Corporate,7,72.22,0.2,404.43,31.51,0.78,9,Yes
ORD-5998,Office Supplies,Binders,Asia Pacific,Small Business,4,54.6,0.1,196.56,31.2,37.66,3,No
ORD-5999,Fashion,Footwear,Latin America,Corporate,5,141.46,0.05,671.94,11.17,178.56,8,No
ORD-6000,Fashion,Apparel,Asia Pacific,Consumer,3,198.96,0.3,417.82,21.34,15.33,9,Yes
ORD-6001,Office Supplies,Storage,Europe,Small Business,7,79.76,0.3,390.82,18.49,-13.41,6,Yes
ORD-6002,Office Supplies,Storage,North America,Corporate,1,49.69,0.2,39.75,15.77,-4.51,1,Yes
ORD-6003,Furniture,Bookcases,Europe,Small Business,4,366.26,0.3,1025.53,23.7,-110.63,8,No
ORD-6004,Office Supplies,Storage,Asia Pacific,Small Business,1,23.13,0.0,23.13,7.54,-0.31,9,No
ORD-6005,Electronics,Headphones,North America,Small Business,3,632.65,0.3,1328.56,5.19,141.36,1,No
ORD-6006,Electronics,Headphones,Europe,Corporate,4,800.86,0.05,3043.27,41.35,595.43,4,No
ORD-6007,Fashion,Watches,Europe,Consumer,2,50.13,0.05,95.25,31.27,6.12,5,No
ORD-6008,Furniture,Sofas,Asia Pacific,Consumer,8,501.24,0.05,3809.42,27.05,1006.04,7,No
ORD-6009,Office Supplies,Paper,North America,Small Business,6,42.19,0.2,202.51,12.7,17.81,6,No
ORD-6010,Electronics,Headphones,Latin America,Consumer,10,748.47,0.3,5239.29,8.23,-513.18,2,Yes
ORD-6011,Office Supplies,Storage,Asia Pacific,Corporate,4,56.65,0.3,158.62,6.25,4.88,3,No
ORD-6012,Electronics,Accessories,Latin America,Consumer,4,420.35,0.15,1429.19,8.82,264.77,2,No
ORD-6013,Fashion,Watches,Latin America,Small Business,3,196.24,0.1,529.85,40.32,8.74,7,Yes
ORD-6014,Office Supplies,Paper,Latin America,Corporate,3,6.06,0.2,14.54,42.32,-16.43,4,Yes
ORD-6015,Fashion,Footwear,North America,Consumer,10,159.49,0.0,1594.9,22.43,331.38,1,No
ORD-6016,Electronics,Headphones,Europe,Consumer,7,419.01,0.3,2053.15,37.15,181.96,4,No
ORD-6017,Electronics,Headphones,Asia Pacific,Consumer,5,599.18,0.0,2995.9,10.81,727.0,4,No
ORD-6018,Office Supplies,Paper,Europe,Small Business,3,63.91,0.05,182.14,9.28,16.13,8,No
ORD-6019,Office Supplies,Pens,Latin America,Corporate,3,50.48,0.0,151.44,9.41,21.9,1,No
ORD-6020,Office Supplies,Binders,North America,Small Business,4,53.52,0.05,203.38,22.44,32.93,4,No
ORD-6021,Electronics,Smartphones,Europe,Small Business,10,456.08,0.0,4560.8,32.13,484.02,1,No
ORD-6022,Electronics,Accessories,Europe,Corporate,6,735.65,0.15,3751.81,13.55,8.33,2,No
ORD-6023,Furniture,Chairs,North America,Small Business,9,324.15,0.2,2333.88,11.22,-129.48,9,Yes
ORD-6024,Electronics,Headphones,Latin America,Consumer,8,414.23,0.15,2816.76,9.56,-96.03,3,No
ORD-6025,Fashion,Bags,North America,Corporate,5,102.91,0.2,411.64,34.62,46.63,2,No
ORD-6026,Office Supplies,Storage,Asia Pacific,Consumer,1,65.66,0.05,62.38,5.24,13.47,7,No
ORD-6027,Furniture,Sofas,North America,Consumer,5,404.49,0.0,2022.45,11.8,329.75,7,No
ORD-6028,Fashion,Apparel,Europe,Small Business,1,86.25,0.2,69.0,36.23,-5.32,5,No
ORD-6029,Office Supplies,Storage,North America,Small Business,3,23.01,0.15,58.68,26.67,-11.49,2,No
ORD-6030,Furniture,Sofas,Europe,Consumer,1,530.53,0.1,477.48,9.01,27.93,7,Yes
ORD-6031,Office Supplies,Binders,Europe,Consumer,2,22.63,0.3,31.68,26.88,-12.73,4,Yes
ORD-6032,Furniture,Chairs,Latin America,Small Business,2,450.78,0.3,631.09,21.44,-38.78,1,Yes
ORD-6033,Electronics,Accessories,Europe,Small Business,7,556.2,0.15,3309.39,34.96,383.07,5,No
ORD-6034,Fashion,Bags,Europe,Consumer,1,30.21,0.05,28.7,8.23,3.27,2,No
ORD-6035,Fashion,Apparel,Latin America,Consumer,7,79.32,0.2,444.19,19.61,51.88,9,No
ORD-6036,Furniture,Tables,Latin America,Consumer,9,260.51,0.0,2344.59,40.29,541.24,2,No
ORD-6037,Office Supplies,Storage,Asia Pacific,Corporate,7,50.41,0.05,335.23,29.67,32.69,7,No
ORD-6038,Furniture,Sofas,Latin America,Corporate,2,187.62,0.15,318.95,34.37,43.32,9,No
ORD-6039,Furniture,Sofas,Europe,Small Business,6,276.43,0.05,1575.65,34.69,374.56,7,No
ORD-6040,Fashion,Footwear,North America,Corporate,6,136.24,0.15,694.82,8.94,70.77,9,No
ORD-6041,Office Supplies,Paper,Europe,Small Business,3,21.31,0.3,44.75,42.11,-14.8,5,No
ORD-6042,Office Supplies,Storage,Latin America,Corporate,3,42.07,0.05,119.9,34.1,-8.82,2,Yes
ORD-6043,Fashion,Bags,North America,Small Business,5,64.18,0.3,224.63,9.09,-28.32,9,Yes
ORD-6044,Fashion,Bags,Europe,Corporate,5,132.82,0.1,597.69,20.53,52.64,7,No
ORD-6045,Fashion,Apparel,Europe,Corporate,9,150.71,0.05,1288.57,5.12,146.32,4,No
ORD-6046,Furniture,Sofas,Europe,Small Business,2,473.37,0.2,757.39,44.02,74.52,3,No
ORD-6047,Electronics,Laptops,Latin America,Consumer,7,323.65,0.05,2152.27,16.21,104.99,5,Yes
ORD-6048,Furniture,Chairs,North America,Small Business,8,151.98,0.2,972.67,11.28,43.68,9,Yes
ORD-6049,Electronics,Smartphones,Latin America,Small Business,10,704.5,0.15,5988.25,31.08,1119.08,8,No
ORD-6050,Fashion,Watches,Latin America,Corporate,10,163.22,0.2,1305.76,29.01,-4.75,3,Yes
ORD-6051,Electronics,Smartphones,Asia Pacific,Small Business,7,719.85,0.15,4283.11,19.24,674.17,9,No
ORD-6052,Electronics,Smartphones,Latin America,Consumer,8,221.68,0.3,1241.41,39.17,75.72,6,No
ORD-6053,Fashion,Footwear,North America,Consumer,10,128.72,0.1,1158.48,38.31,125.0,3,No
ORD-6054,Fashion,Apparel,Latin America,Small Business,5,161.98,0.05,769.4,24.52,137.42,2,No
ORD-6055,Furniture,Chairs,Latin America,Small Business,3,436.76,0.0,1310.28,35.54,318.08,1,No
ORD-6056,Fashion,Bags,Asia Pacific,Consumer,3,50.86,0.05,144.95,37.1,18.0,7,No
ORD-6057,Furniture,Chairs,Latin America,Small Business,9,237.89,0.2,1712.81,6.47,252.5,5,No
ORD-6058,Furniture,Sofas,Europe,Small Business,6,464.86,0.1,2510.24,25.64,215.38,4,No
ORD-6059,Fashion,Footwear,North America,Consumer,8,216.39,0.3,1211.78,13.71,7.45,3,No
ORD-6060,Office Supplies,Paper,Latin America,Corporate,2,67.52,0.3,94.53,34.59,-20.73,2,No
ORD-6061,Office Supplies,Pens,Latin America,Consumer,2,66.42,0.05,126.2,33.27,5.57,1,No
ORD-6062,Fashion,Footwear,Asia Pacific,Corporate,5,46.98,0.05,223.15,33.93,28.78,6,No
ORD-6063,Office Supplies,Pens,Europe,Consumer,10,23.18,0.15,197.03,28.91,8.29,6,No
ORD-6064,Electronics,Accessories,Asia Pacific,Corporate,10,503.01,0.05,4778.6,30.19,1359.19,1,No
ORD-6065,Furniture,Chairs,Latin America,Corporate,4,237.46,0.0,949.84,21.74,197.63,2,No
ORD-6066,Furniture,Sofas,Europe,Corporate,8,75.54,0.3,423.02,10.44,-17.17,4,No
ORD-6067,Furniture,Bookcases,Europe,Small Business,3,409.02,0.3,858.94,39.04,-90.34,9,No
ORD-6068,Furniture,Chairs,Latin America,Small Business,4,159.81,0.05,607.28,22.36,65.94,1,No
ORD-6069,Electronics,Headphones,Asia Pacific,Corporate,3,295.02,0.2,708.05,39.9,-20.84,1,Yes
ORD-6070,Office Supplies,Binders,Asia Pacific,Consumer,10,28.07,0.15,238.59,19.04,40.46,2,No
ORD-6071,Fashion,Apparel,Asia Pacific,Corporate,5,26.81,0.2,107.24,16.4,-6.19,6,Yes
ORD-6072,Electronics,Laptops,Latin America,Consumer,6,307.5,0.3,1291.5,10.37,81.7,2,No
ORD-6073,Furniture,Sofas,North America,Small Business,2,74.67,0.05,141.87,17.73,10.82,5,No
ORD-6074,Furniture,Chairs,Europe,Consumer,8,266.4,0.15,1811.52,22.31,243.37,7,No
ORD-6075,Furniture,Bookcases,Europe,Consumer,9,267.21,0.2,1923.91,15.0,273.71,9,No
ORD-6076,Electronics,Laptops,Asia Pacific,Consumer,5,602.19,0.05,2860.4,16.76,400.07,3,No
ORD-6077,Furniture,Bookcases,Latin America,Consumer,4,495.21,0.3,1386.59,25.7,-5.82,4,No
ORD-6078,Electronics,Accessories,Latin America,Small Business,5,669.22,0.2,2676.88,22.39,361.15,5,Yes
ORD-6079,Furniture,Tables,Latin America,Small Business,3,359.42,0.1,970.43,5.83,68.15,6,No
ORD-6080,Electronics,Headphones,Europe,Small Business,9,733.99,0.1,5945.32,29.35,1399.48,8,No
ORD-6081,Electronics,Laptops,Latin America,Small Business,7,283.71,0.05,1886.67,17.91,117.27,8,No
ORD-6082,Electronics,Headphones,Latin America,Consumer,9,489.81,0.0,4408.29,6.51,1054.58,6,No
ORD-6083,Fashion,Footwear,Asia Pacific,Corporate,10,170.14,0.3,1190.98,20.09,111.03,7,No
ORD-6084,Office Supplies,Pens,North America,Corporate,2,39.32,0.3,55.05,5.89,1.67,7,No
ORD-6085,Office Supplies,Pens,North America,Consumer,1,77.25,0.05,73.39,36.94,-6.67,8,No
ORD-6086,Fashion,Bags,Asia Pacific,Corporate,7,188.78,0.0,1321.46,31.1,120.6,9,No
ORD-6087,Electronics,Smartphones,Latin America,Corporate,5,264.25,0.3,924.87,32.32,-109.86,4,No
ORD-6088,Fashion,Watches,North America,Corporate,6,195.88,0.0,1175.28,30.83,329.69,7,No
ORD-6089,Furniture,Sofas,Asia Pacific,Corporate,1,133.29,0.3,93.3,34.98,-22.26,3,No
ORD-6090,Fashion,Footwear,Asia Pacific,Corporate,2,92.65,0.0,185.3,38.78,15.84,4,No
ORD-6091,Fashion,Bags,Europe,Corporate,5,140.69,0.0,703.45,30.17,188.67,4,No
ORD-6092,Office Supplies,Binders,Latin America,Small Business,1,55.34,0.05,52.57,17.92,-0.09,1,No
ORD-6093,Electronics,Smartphones,North America,Consumer,8,512.37,0.15,3484.12,29.04,-71.91,4,Yes
ORD-6094,Office Supplies,Storage,Europe,Small Business,8,39.47,0.2,252.61,20.04,4.16,4,No
ORD-6095,Electronics,Laptops,Latin America,Consumer,5,301.48,0.1,1356.66,13.45,212.62,7,No
ORD-6096,Fashion,Footwear,Europe,Consumer,9,41.19,0.05,352.17,12.85,44.2,7,No
ORD-6097,Electronics,Accessories,Europe,Consumer,8,299.25,0.1,2154.6,23.44,506.13,3,No
ORD-6098,Furniture,Sofas,Europe,Corporate,8,350.62,0.3,1963.47,6.65,8.82,9,No
ORD-6099,Fashion,Watches,Latin America,Corporate,10,86.34,0.1,777.06,31.0,185.02,9,No
ORD-6100,Furniture,Bookcases,Europe,Corporate,8,485.09,0.0,3880.72,43.49,1114.54,8,No
ORD-6101,Fashion,Bags,Asia Pacific,Consumer,5,221.23,0.0,1106.15,43.33,214.52,8,No
ORD-6102,Office Supplies,Pens,Asia Pacific,Consumer,5,11.62,0.1,52.29,35.18,-3.25,4,Yes
ORD-6103,Electronics,Smartphones,North America,Small Business,5,675.09,0.15,2869.13,19.9,153.88,9,No
ORD-6104,Office Supplies,Storage,Asia Pacific,Consumer,9,78.74,0.1,637.79,31.19,60.31,4,No
ORD-6105,Furniture,Tables,Europe,Corporate,7,591.28,0.3,2897.27,32.34,239.62,1,Yes
ORD-6106,Fashion,Apparel,North America,Consumer,1,190.51,0.1,171.46,28.4,23.52,6,No
ORD-6107,Electronics,Smartphones,Latin America,Corporate,2,114.62,0.0,229.24,32.31,25.12,4,No
ORD-6108,Fashion,Watches,Latin America,Corporate,2,95.19,0.1,171.34,23.82,10.14,2,No
ORD-6109,Fashion,Bags,North America,Corporate,8,189.94,0.15,1291.59,21.0,166.92,7,No
ORD-6110,Furniture,Chairs,Asia Pacific,Small Business,3,259.18,0.1,699.79,44.12,93.1,1,No
ORD-6111,Electronics,Headphones,Europe,Small Business,4,634.82,0.0,2539.28,34.2,583.17,3,No
ORD-6112,Office Supplies,Paper,Asia Pacific,Corporate,8,56.03,0.2,358.59,26.4,-22.33,3,Yes
ORD-6113,Electronics,Headphones,North America,Consumer,2,497.46,0.15,845.68,6.29,74.3,8,No
ORD-6114,Furniture,Chairs,Asia Pacific,Corporate,9,243.38,0.1,1971.38,23.21,451.0,3,Yes
ORD-6115,Office Supplies,Storage,Asia Pacific,Consumer,1,74.75,0.3,52.32,39.95,-22.0,4,No
ORD-6116,Furniture,Bookcases,North America,Small Business,7,283.35,0.15,1685.93,24.16,-33.62,2,No
ORD-6117,Office Supplies,Paper,Europe,Consumer,3,31.65,0.1,85.45,12.82,15.65,7,No
ORD-6118,Electronics,Headphones,Europe,Small Business,9,707.21,0.1,5728.4,30.51,1060.82,8,No
ORD-6119,Office Supplies,Storage,North America,Small Business,9,27.77,0.3,174.95,36.75,-39.1,3,No
ORD-6120,Fashion,Watches,Asia Pacific,Small Business,2,109.78,0.1,197.6,35.32,-4.64,9,No
ORD-6121,Electronics,Laptops,Asia Pacific,Small Business,10,118.86,0.3,832.02,35.62,17.15,4,Yes
ORD-6122,Office Supplies,Pens,Europe,Corporate,3,57.77,0.05,164.64,17.47,6.58,6,No
ORD-6123,Furniture,Chairs,North America,Consumer,2,338.11,0.05,642.41,23.89,49.65,2,No
ORD-6124,Office Supplies,Pens,North America,Consumer,4,11.29,0.3,31.61,19.25,-11.09,1,No
ORD-6125,Electronics,Laptops,North America,Corporate,5,48.83,0.15,207.53,26.31,18.81,2,No
ORD-6126,Fashion,Watches,Asia Pacific,Small Business,6,96.95,0.15,494.45,34.66,60.87,4,No
ORD-6127,Office Supplies,Storage,Asia Pacific,Consumer,9,60.65,0.05,518.56,28.91,22.94,7,No
ORD-6128,Office Supplies,Storage,Europe,Consumer,7,28.01,0.0,196.07,42.4,47.29,2,Yes
ORD-6129,Electronics,Accessories,Latin America,Small Business,10,120.22,0.0,1202.2,40.81,368.15,9,No
ORD-6130,Furniture,Bookcases,Europe,Small Business,2,278.43,0.05,529.02,21.7,84.39,3,No
ORD-6131,Electronics,Accessories,Asia Pacific,Small Business,7,186.63,0.15,1110.45,38.43,110.65,7,No
ORD-6132,Electronics,Laptops,Asia Pacific,Corporate,10,727.68,0.3,5093.76,8.45,-813.04,6,No
ORD-6133,Office Supplies,Pens,Europe,Consumer,9,52.05,0.0,468.45,33.14,44.19,1,Yes
ORD-6134,Fashion,Watches,Asia Pacific,Small Business,8,190.38,0.1,1370.74,37.2,191.08,2,No
ORD-6135,Office Supplies,Paper,Asia Pacific,Corporate,3,72.57,0.0,217.71,18.25,68.65,1,No
ORD-6136,Furniture,Sofas,North America,Corporate,1,215.54,0.0,215.54,11.94,66.9,3,No
ORD-6137,Fashion,Watches,Asia Pacific,Corporate,5,126.51,0.15,537.67,32.7,53.53,6,Yes
ORD-6138,Electronics,Headphones,North America,Small Business,9,875.97,0.2,6306.98,25.2,227.23,5,Yes
ORD-6139,Electronics,Accessories,Asia Pacific,Small Business,6,411.02,0.05,2342.81,13.82,441.7,9,No
ORD-6140,Fashion,Bags,Asia Pacific,Corporate,10,165.27,0.05,1570.07,7.96,224.67,1,No
ORD-6141,Furniture,Tables,North America,Consumer,2,491.66,0.05,934.15,27.24,28.77,5,No
ORD-6142,Office Supplies,Pens,North America,Small Business,10,6.16,0.2,49.28,5.67,-1.83,5,No
ORD-6143,Office Supplies,Binders,Europe,Small Business,10,26.74,0.0,267.4,28.56,64.37,5,No
ORD-6144,Electronics,Headphones,Europe,Corporate,8,150.21,0.05,1141.6,28.54,306.33,7,No
ORD-6145,Electronics,Headphones,Europe,Consumer,7,464.34,0.2,2600.3,15.23,144.32,9,No
ORD-6146,Fashion,Watches,Latin America,Small Business,3,158.43,0.05,451.53,19.7,91.07,9,No
ORD-6147,Furniture,Tables,North America,Consumer,9,177.9,0.05,1521.05,19.94,70.01,9,No
ORD-6148,Fashion,Watches,Latin America,Corporate,7,168.81,0.2,945.34,5.74,164.32,5,No
ORD-6149,Fashion,Watches,Asia Pacific,Small Business,6,211.96,0.15,1081.0,18.39,-27.44,6,No
ORD-6150,Electronics,Accessories,Asia Pacific,Corporate,6,555.74,0.05,3167.72,41.95,708.65,8,No
ORD-6151,Fashion,Watches,North America,Small Business,2,183.79,0.1,330.82,43.83,16.93,3,No
ORD-6152,Office Supplies,Paper,North America,Small Business,10,41.98,0.1,377.82,18.39,20.01,7,No
ORD-6153,Office Supplies,Paper,Asia Pacific,Small Business,7,28.3,0.0,198.1,29.46,27.63,7,No
ORD-6154,Electronics,Smartphones,Europe,Corporate,9,743.63,0.0,6692.67,38.4,1235.64,4,No
ORD-6155,Electronics,Headphones,Latin America,Small Business,3,188.39,0.1,508.65,10.78,67.7,9,No
ORD-6156,Furniture,Bookcases,Europe,Corporate,7,281.51,0.0,1970.57,27.71,423.18,5,No
ORD-6157,Electronics,Smartphones,North America,Corporate,1,722.53,0.05,686.4,41.4,113.48,2,No
ORD-6158,Office Supplies,Binders,Latin America,Small Business,4,33.1,0.2,105.92,20.97,11.36,8,Yes
ORD-6159,Office Supplies,Storage,Asia Pacific,Corporate,7,71.06,0.1,447.68,14.8,12.72,7,Yes
ORD-6160,Fashion,Bags,Asia Pacific,Small Business,7,167.42,0.05,1113.34,24.83,49.05,6,No
ORD-6161,Fashion,Watches,North America,Consumer,10,180.45,0.3,1263.15,26.23,122.13,7,No
ORD-6162,Furniture,Bookcases,North America,Consumer,2,534.92,0.1,962.86,43.79,170.35,4,No
ORD-6163,Electronics,Accessories,Latin America,Corporate,6,512.16,0.0,3072.96,41.57,549.7,7,No
ORD-6164,Office Supplies,Pens,Latin America,Small Business,9,25.02,0.3,157.63,20.82,-14.58,1,No
ORD-6165,Electronics,Smartphones,North America,Corporate,8,362.19,0.0,2897.52,11.13,757.45,5,No
ORD-6166,Office Supplies,Binders,Asia Pacific,Consumer,2,37.21,0.1,66.98,29.8,-8.7,4,No
ORD-6167,Office Supplies,Pens,Asia Pacific,Corporate,8,37.58,0.15,255.54,36.21,15.47,1,No
ORD-6168,Office Supplies,Storage,Asia Pacific,Small Business,10,24.75,0.3,173.25,13.41,5.99,4,No
ORD-6169,Fashion,Bags,North America,Corporate,7,205.16,0.05,1364.31,43.03,304.76,5,No
ORD-6170,Electronics,Accessories,Latin America,Small Business,4,296.67,0.0,1186.68,18.83,202.73,8,No
ORD-6171,Electronics,Smartphones,North America,Consumer,6,593.37,0.15,3026.19,23.19,56.55,5,No
ORD-6172,Office Supplies,Binders,North America,Small Business,5,57.07,0.15,242.55,10.34,9.24,6,No
ORD-6173,Office Supplies,Pens,Asia Pacific,Consumer,4,30.7,0.3,85.96,43.66,-16.51,5,Yes
ORD-6174,Office Supplies,Storage,Latin America,Consumer,10,54.89,0.05,521.45,14.51,35.41,6,No
ORD-6175,Office Supplies,Paper,Asia Pacific,Corporate,10,27.61,0.15,234.69,19.49,14.6,7,No
ORD-6176,Furniture,Bookcases,North America,Consumer,7,150.53,0.05,1001.02,34.67,203.26,5,No
ORD-6177,Office Supplies,Paper,Latin America,Consumer,5,35.03,0.2,140.12,44.88,-12.34,2,No
ORD-6178,Fashion,Footwear,Asia Pacific,Consumer,9,103.59,0.1,839.08,27.88,214.2,9,No
ORD-6179,Fashion,Watches,Asia Pacific,Small Business,7,33.34,0.15,198.37,6.02,22.25,7,No
ORD-6180,Electronics,Accessories,Asia Pacific,Small Business,1,606.79,0.0,606.79,35.32,106.23,1,No
ORD-6181,Fashion,Watches,North America,Corporate,9,122.31,0.2,880.63,12.12,50.48,6,No
ORD-6182,Furniture,Chairs,Asia Pacific,Small Business,4,418.87,0.2,1340.38,21.97,29.4,4,No
ORD-6183,Fashion,Bags,Europe,Corporate,6,183.23,0.2,879.5,21.3,37.25,8,Yes
ORD-6184,Furniture,Bookcases,North America,Consumer,4,492.46,0.0,1969.84,35.13,469.08,2,No
ORD-6185,Electronics,Accessories,Asia Pacific,Consumer,8,586.32,0.2,3752.45,14.07,104.7,4,No
ORD-6186,Fashion,Bags,North America,Small Business,5,142.04,0.0,710.2,12.84,198.88,1,No
ORD-6187,Fashion,Footwear,Asia Pacific,Small Business,7,214.78,0.2,1202.77,37.55,15.36,1,No
ORD-6188,Office Supplies,Binders,Latin America,Consumer,8,65.73,0.1,473.26,33.3,88.89,3,No
ORD-6189,Fashion,Bags,North America,Consumer,3,176.25,0.05,502.31,36.87,27.89,5,No
ORD-6190,Furniture,Bookcases,Europe,Corporate,2,558.57,0.2,893.71,24.57,73.57,3,No
ORD-6191,Office Supplies,Pens,Asia Pacific,Corporate,5,52.19,0.1,234.85,20.1,15.57,4,No
ORD-6192,Office Supplies,Storage,Asia Pacific,Consumer,2,44.06,0.3,61.68,26.29,-6.23,6,Yes
ORD-6193,Fashion,Bags,Europe,Small Business,1,179.61,0.05,170.63,7.32,29.36,9,No
ORD-6194,Furniture,Sofas,Latin America,Small Business,5,481.37,0.2,1925.48,36.14,-23.21,8,No
ORD-6195,Furniture,Tables,North America,Consumer,5,417.41,0.05,1982.7,12.93,247.39,1,No
ORD-6196,Electronics,Laptops,Latin America,Consumer,9,218.07,0.15,1668.24,5.46,-68.18,8,No
ORD-6197,Fashion,Watches,Latin America,Corporate,1,189.77,0.0,189.77,44.66,31.21,8,No
ORD-6198,Furniture,Sofas,Latin America,Consumer,10,261.52,0.15,2222.92,21.84,192.11,2,No
ORD-6199,Furniture,Chairs,Latin America,Consumer,1,212.25,0.2,169.8,38.82,-11.01,1,No
ORD-6200,Fashion,Footwear,North America,Consumer,3,112.1,0.1,302.67,31.17,52.57,5,No
